vehicle_id,vehicle_type,purchase_year,last_service_date
1000,Walking,2013,03/09/2023
1001,Car,2014,07/03/2023
1002,Scooter,2015,28/03/2023
1003,Scooter,2019,08/12/2022
1004,Walking,2023,22/08/2023
1005,Bicycle,2012,25/02/2024
1006,Car,2017,18/10/2022
1007,Scooter,2018,28/01/2023
1008,E-bike,2016,25/02/2023
1009,Car,2016,15/12/2023
1010,Car,2017,03/05/2024
1011,Car,2014,01/10/2023
1012,Bicycle,2021,27/12/2022
1013,Bicycle,2017,24/12/2023
1014,Walking,2023,30/12/2022
1015,Car,2018,13/04/2023
1016,Bicycle,2019,03/02/2023
1017,Car,2012,27/10/2023
1018,Car,2023,04/04/2023
1019,Bicycle,2014,15/05/2024
1020,Bicycle,2016,30/10/2023
1021,E-bike,2015,22/05/2024
1022,E-bike,2017,09/04/2023
1023,Scooter,2018,22/06/2023
1024,Bicycle,2016,19/11/2022
1025,Car,2022,06/06/2023
1026,Car,2014,03/12/2022
1027,Car,2015,01/05/2024
1028,Walking,2014,14/12/2022
1029,Walking,2022,22/05/2024
1030,Scooter,2017,29/12/2023
1031,Scooter,2023,25/11/2023
1032,Car,2021,06/12/2022
1033,Car,2013,04/11/2023
1034,Scooter,2012,30/09/2022
1035,Scooter,2016,11/01/2023
1036,E-bike,2020,01/05/2024
1037,Scooter,2023,15/10/2023
1038,Scooter,2012,02/11/2023
1039,Car,2020,18/07/2023
1040,Car,2018,16/12/2022
1041,Car,2018,06/08/2022
1042,Scooter,2021,15/11/2022
1043,Car,2012,18/04/2023
1044,E-bike,2017,04/05/2023
1045,Car,2021,20/07/2022
1046,Car,2019,27/07/2022
1047,Walking,2012,28/05/2023
1048,E-bike,2017,11/12/2023
1049,Walking,2018,01/03/2023
1050,Car,2021,08/04/2024
1051,Scooter,2013,14/08/2023
1052,Car,2023,07/02/2024
1053,Car,2017,08/12/2023
1054,E-bike,2019,07/04/2024
1055,E-bike,2016,17/03/2023
1056,Walking,2014,25/09/2023
1057,Walking,2018,04/03/2024
1058,Walking,2020,20/07/2023
1059,E-bike,2016,01/07/2023
1060,Car,2015,02/09/2022
1061,Bicycle,2022,28/01/2023
1062,Car,2019,22/11/2022
1063,Car,2017,13/02/2024
1064,E-bike,2014,30/08/2023
1065,E-bike,2013,06/10/2023
1066,Bicycle,2015,02/12/2022
1067,Car,2023,12/06/2023
1068,Scooter,2014,16/08/2022
1069,E-bike,2018,03/06/2023
1070,Bicycle,2018,22/12/2022
1071,Bicycle,2014,03/09/2023
1072,Bicycle,2023,20/06/2023
1073,Scooter,2016,06/10/2023
1074,Walking,2016,11/04/2023
1075,Car,2019,23/11/2023
1076,Walking,2022,25/04/2024
1077,Scooter,2023,14/04/2024
1078,Bicycle,2022,09/09/2022
1079,E-bike,2017,09/03/2024
1080,E-bike,2021,24/04/2023
1081,E-bike,2015,17/01/2023
1082,E-bike,2016,25/07/2022
1083,Walking,2022,10/12/2023
1084,Bicycle,2014,22/11/2022
1085,Walking,2017,06/03/2023
1086,Car,2023,14/09/2022
1087,Scooter,2022,28/07/2023
1088,Car,2016,24/04/2024
1089,Car,2020,04/03/2024
1090,Bicycle,2020,27/11/2022
1091,E-bike,2020,24/04/2023
1092,Car,2016,12/03/2023
1093,Car,2019,23/02/2024
1094,Walking,2013,03/11/2022
1095,Car,2018,16/11/2023
1096,Scooter,2012,07/12/2022
1097,E-bike,2012,09/09/2023
1098,Bicycle,2023,11/01/2024
1099,Car,2019,03/08/2023
1100,Bicycle,2022,10/03/2024
1101,Car,2020,29/09/2023
1102,Scooter,2019,26/06/2023
1103,Scooter,2018,28/07/2023
1104,E-bike,2016,06/06/2023
1105,Car,2018,05/01/2023
1106,E-bike,2019,05/11/2023
1107,E-bike,2016,07/03/2023
1108,E-bike,2017,25/02/2023
1109,Bicycle,2020,03/03/2023
1110,Car,2012,23/06/2023
1111,Car,2016,19/11/2023
1112,E-bike,2017,01/06/2023
1113,E-bike,2014,18/10/2022
1114,Car,2019,26/09/2023
1115,Scooter,2016,08/03/2023
1116,Car,2022,27/04/2023
1117,Car,2016,10/09/2022
1118,E-bike,2012,31/05/2023
1119,Car,2021,02/04/2024
1120,E-bike,2020,22/10/2023
1121,Bicycle,2023,30/03/2023
1122,Car,2012,29/09/2023
1123,E-bike,2017,29/11/2023
1124,Walking,2021,27/05/2024
1125,Car,2022,04/05/2023
1126,E-bike,2022,24/01/2023
1127,E-bike,2017,16/11/2022
1128,Car,2022,25/09/2022
1129,E-bike,2017,08/04/2023
1130,E-bike,2014,23/08/2023
1131,Bicycle,2012,25/11/2022
1132,Bicycle,2020,11/10/2023
1133,Car,2017,11/12/2023
1134,Car,2023,02/11/2023
1135,Car,2021,03/11/2023
1136,Bicycle,2013,17/03/2024
1137,Walking,2019,11/04/2023
1138,Car,2022,24/11/2023
1139,E-bike,2022,27/05/2023
1140,Car,2020,13/01/2024
1141,Bicycle,2023,30/01/2023
1142,Scooter,2019,26/11/2023
1143,Car,2013,21/10/2022
1144,Car,2023,13/12/2022
1145,Bicycle,2019,05/10/2022
1146,E-bike,2019,21/03/2024
1147,Walking,2019,30/04/2023
1148,Walking,2012,09/11/2023
1149,Bicycle,2019,15/08/2022
1150,E-bike,2015,16/05/2023
1151,Scooter,2016,14/03/2024
1152,E-bike,2012,10/05/2024
1153,E-bike,2020,01/03/2024
1154,Bicycle,2022,02/09/2023
1155,Car,2018,19/02/2024
1156,E-bike,2021,31/08/2022
1157,Car,2023,30/11/2022
1158,E-bike,2012,26/12/2022
1159,Car,2016,22/12/2022
1160,Car,2021,03/09/2022
1161,E-bike,2023,30/10/2022
1162,Bicycle,2023,20/05/2023
1163,Bicycle,2018,24/03/2023
1164,Car,2022,07/01/2023
1165,Walking,2022,16/08/2023
1166,E-bike,2020,01/02/2024
1167,Walking,2017,13/09/2022
1168,Car,2015,08/02/2023
1169,Car,2023,06/09/2022
1170,Bicycle,2015,01/03/2024
1171,Scooter,2021,07/04/2024
1172,Car,2022,30/10/2023
1173,Bicycle,2020,03/09/2023
1174,E-bike,2017,11/12/2022
1175,Car,2020,16/08/2023
1176,Bicycle,2013,10/11/2023
1177,Car,2017,18/05/2023
1178,Car,2016,12/10/2023
1179,Bicycle,2013,20/09/2022
1180,Scooter,2012,14/10/2022
1181,E-bike,2014,19/05/2023
1182,E-bike,2023,21/02/2024
1183,E-bike,2020,04/05/2024
1184,E-bike,2013,13/10/2022
1185,Bicycle,2012,07/03/2023
1186,E-bike,2013,02/10/2023
1187,Walking,2015,29/01/2023
1188,E-bike,2016,26/03/2024
1189,Walking,2019,17/11/2023
1190,Car,2018,29/09/2022
1191,Bicycle,2013,30/12/2023
1192,Bicycle,2020,04/03/2023
1193,E-bike,2013,23/01/2023
1194,Car,2015,18/08/2023
1195,Car,2019,26/01/2024
1196,Scooter,2021,20/05/2023
1197,Bicycle,2021,12/07/2023
1198,Bicycle,2015,27/10/2023
1199,Bicycle,2020,12/07/2023
1200,Car,2018,05/07/2023
1201,Car,2021,27/11/2022
1202,E-bike,2023,19/10/2023
1203,Bicycle,2012,22/11/2022
1204,Scooter,2021,16/08/2023
1205,Walking,2012,10/09/2023
1206,E-bike,2013,22/11/2023
1207,E-bike,2020,24/01/2024
1208,Scooter,2016,04/12/2022
1209,Bicycle,2019,15/03/2023
1210,E-bike,2013,01/03/2024
1211,Scooter,2014,11/09/2022
1212,Bicycle,2019,19/11/2022
1213,Scooter,2015,19/08/2022
1214,Car,2013,04/09/2022
1215,Bicycle,2012,22/12/2023
1216,Bicycle,2023,26/01/2023
1217,Walking,2012,28/10/2022
1218,Scooter,2014,13/01/2024
1219,E-bike,2018,28/05/2023
1220,E-bike,2018,01/03/2023
1221,Car,2017,23/09/2022
1222,Car,2017,01/12/2022
1223,Bicycle,2015,07/12/2023
1224,Bicycle,2020,03/10/2022
1225,E-bike,2017,12/04/2023
1226,Car,2022,10/02/2024
1227,Scooter,2017,02/08/2023
1228,Bicycle,2016,31/08/2023
1229,E-bike,2018,07/07/2022
1230,E-bike,2020,13/02/2024
1231,Car,2023,15/10/2022
1232,Car,2014,09/05/2023
1233,Walking,2022,21/09/2023
1234,Bicycle,2017,26/04/2023
1235,Car,2022,29/06/2023
1236,E-bike,2013,18/04/2023
1237,E-bike,2023,28/11/2022
1238,E-bike,2023,09/04/2023
1239,Car,2017,24/12/2023
1240,Bicycle,2022,09/11/2023
1241,Bicycle,2020,24/07/2022
1242,Bicycle,2018,05/12/2022
1243,Walking,2018,14/12/2022
1244,Bicycle,2020,21/09/2022
1245,Bicycle,2018,15/12/2022
1246,Car,2015,30/01/2024
1247,Car,2012,29/08/2023
1248,Bicycle,2020,04/01/2023
1249,Scooter,2015,28/07/2023
1250,Car,2023,14/08/2023
1251,Walking,2014,23/01/2023
1252,Car,2017,19/12/2023
1253,Car,2014,22/03/2023
1254,Scooter,2013,07/01/2023
1255,Bicycle,2016,04/10/2022
1256,E-bike,2020,10/08/2023
1257,Car,2021,20/11/2023
1258,Bicycle,2022,21/09/2022
1259,E-bike,2015,18/09/2022
1260,Car,2019,07/11/2022
1261,Car,2018,12/06/2023
1262,Scooter,2012,21/08/2023
1263,E-bike,2018,02/11/2022
1264,Car,2016,21/08/2023
1265,Walking,2018,27/01/2024
1266,E-bike,2018,04/07/2023
1267,Bicycle,2019,06/03/2023
1268,Scooter,2019,22/05/2024
1269,E-bike,2021,29/01/2023
1270,E-bike,2012,21/08/2022
1271,E-bike,2018,24/04/2023
1272,Car,2015,04/10/2023
1273,Car,2013,24/05/2024
1274,Walking,2020,21/07/2022
1275,Car,2022,24/05/2024
1276,E-bike,2018,12/11/2022
1277,Bicycle,2021,30/03/2023
1278,E-bike,2021,01/11/2023
1279,Bicycle,2017,28/08/2022
1280,Bicycle,2017,05/08/2023
1281,Bicycle,2016,22/07/2023
1282,Car,2018,11/06/2023
1283,Scooter,2018,22/12/2022
1284,Bicycle,2017,05/09/2023
1285,Bicycle,2013,25/03/2023
1286,Bicycle,2018,07/03/2023
1287,Bicycle,2017,08/01/2023
1288,Car,2016,22/05/2024
1289,Scooter,2012,14/03/2024
1290,Walking,2014,23/11/2022
1291,E-bike,2016,04/05/2023
1292,E-bike,2021,27/04/2024
1293,Car,2018,03/12/2022
1294,Car,2015,04/11/2023
1295,Car,2020,28/06/2023
1296,E-bike,2014,29/08/2022
1297,E-bike,2014,04/11/2022
1298,Bicycle,2020,19/09/2022
1299,E-bike,2017,06/09/2022
1300,Bicycle,2012,10/09/2022
1301,E-bike,2021,22/12/2022
1302,Car,2012,28/05/2023
1303,Car,2012,05/05/2023
1304,Car,2018,07/06/2023
1305,Car,2022,23/12/2022
1306,Car,2017,12/03/2023
1307,Scooter,2022,01/01/2024
1308,Car,2023,10/04/2023
1309,E-bike,2014,12/02/2023
1310,Bicycle,2017,02/09/2023
1311,Scooter,2023,02/10/2022
1312,Scooter,2016,12/09/2022
1313,Bicycle,2023,21/08/2023
1314,Scooter,2018,02/01/2024
1315,Car,2019,20/11/2023
1316,Bicycle,2014,16/05/2024
1317,Car,2012,26/12/2022
1318,Scooter,2015,06/01/2024
1319,E-bike,2019,03/03/2023
1320,Scooter,2021,24/02/2023
1321,E-bike,2015,29/04/2023
1322,E-bike,2018,08/05/2024
1323,E-bike,2021,03/01/2023
1324,E-bike,2013,30/04/2023
1325,Bicycle,2020,30/06/2023
1326,Walking,2018,09/01/2024
1327,Bicycle,2014,18/06/2023
1328,Scooter,2023,27/08/2022
1329,Car,2016,26/05/2024
1330,Car,2016,30/01/2023
1331,Car,2013,19/05/2024
1332,Bicycle,2021,11/10/2023
1333,Walking,2016,28/03/2023
1334,Bicycle,2013,27/02/2023
1335,Bicycle,2017,26/12/2022
1336,E-bike,2014,07/08/2023
1337,Car,2013,30/04/2024
1338,Car,2023,20/11/2022
1339,Car,2022,31/10/2023
1340,Car,2020,15/09/2022
1341,Bicycle,2017,13/12/2022
1342,Car,2017,31/12/2022
1343,Scooter,2021,03/11/2023
1344,E-bike,2012,21/07/2022
1345,Car,2022,12/02/2024
1346,Car,2021,14/07/2022
1347,Walking,2022,16/06/2023
1348,E-bike,2017,04/11/2023
1349,E-bike,2021,03/07/2023
1350,E-bike,2014,08/05/2024
1351,Scooter,2016,26/10/2023
1352,Scooter,2016,25/05/2023
1353,Walking,2019,15/06/2023
1354,E-bike,2018,04/04/2024
1355,Scooter,2015,08/11/2022
1356,Car,2021,12/11/2023
1357,Car,2014,17/05/2023
1358,Scooter,2020,19/02/2024
1359,Car,2013,15/09/2022
1360,Car,2023,03/11/2023
1361,Bicycle,2014,03/09/2023
1362,Bicycle,2019,14/06/2023
1363,Bicycle,2012,23/03/2023
1364,Walking,2016,17/03/2024
1365,E-bike,2022,28/06/2023
1366,Walking,2021,23/01/2024
1367,Car,2023,19/09/2023
1368,E-bike,2018,03/07/2022
1369,Scooter,2018,05/03/2024
1370,Car,2012,10/03/2023
1371,Scooter,2022,01/01/2023
1372,E-bike,2013,07/07/2022
1373,Car,2019,13/03/2024
1374,Bicycle,2014,14/06/2023
1375,Car,2019,30/10/2022
1376,Scooter,2013,24/06/2023
1377,Scooter,2016,03/03/2024
1378,Bicycle,2017,29/04/2023
1379,Car,2023,09/06/2023
1380,Scooter,2022,21/07/2023
1381,Walking,2022,26/08/2023
1382,Scooter,2019,04/11/2023
1383,Walking,2021,23/07/2022
1384,Car,2019,06/05/2024
1385,Bicycle,2019,04/03/2024
1386,E-bike,2020,22/02/2023
1387,Bicycle,2012,22/04/2024
1388,Bicycle,2020,26/02/2023
1389,Scooter,2016,30/12/2023
1390,Bicycle,2016,03/02/2024
1391,Car,2013,06/05/2023
1392,Scooter,2014,09/10/2023
1393,Scooter,2020,02/06/2023
1394,Scooter,2015,11/09/2023
1395,Car,2017,31/08/2023
1396,Car,2014,07/07/2023
1397,Bicycle,2022,02/05/2023
1398,E-bike,2017,21/05/2023
1399,E-bike,2019,09/05/2024
1400,Car,2019,08/02/2024
1401,Scooter,2013,04/12/2022
1402,E-bike,2012,30/09/2023
1403,Scooter,2016,09/09/2023
1404,E-bike,2021,30/09/2022
1405,E-bike,2018,11/11/2022
1406,Car,2021,07/10/2023
1407,E-bike,2015,19/09/2023
1408,Car,2015,16/01/2024
1409,Bicycle,2018,13/07/2023
1410,Bicycle,2018,19/07/2022
1411,E-bike,2017,01/01/2023
1412,Car,2023,17/06/2023
1413,Scooter,2019,24/12/2022
1414,Car,2012,13/07/2023
1415,Car,2013,21/08/2023
1416,Car,2017,26/11/2023
1417,Car,2015,17/11/2023
1418,E-bike,2022,10/03/2024
1419,Scooter,2021,30/09/2022
1420,Scooter,2017,15/03/2024
1421,Bicycle,2018,10/03/2024
1422,E-bike,2022,29/12/2023
1423,E-bike,2018,16/10/2023
1424,Scooter,2021,20/08/2023
1425,Car,2017,17/10/2023
1426,Bicycle,2017,27/12/2023
1427,Car,2017,08/12/2022
1428,Bicycle,2012,28/07/2022
1429,Scooter,2018,11/10/2022
1430,Scooter,2016,02/03/2023
1431,Car,2017,22/07/2022
1432,E-bike,2018,06/04/2024
1433,Walking,2022,19/09/2022
1434,Car,2022,14/10/2022
1435,Scooter,2021,28/03/2024
1436,Car,2015,15/07/2023
1437,Car,2014,15/01/2023
1438,Scooter,2023,05/02/2024
1439,Car,2014,07/04/2023
1440,Walking,2019,18/04/2023
1441,E-bike,2021,26/05/2024
1442,Bicycle,2020,15/12/2022
1443,Car,2021,24/12/2023
1444,E-bike,2015,23/01/2024
1445,Car,2013,07/09/2023
1446,Car,2018,03/10/2023
1447,Car,2017,09/11/2023
1448,E-bike,2022,18/03/2023
1449,Scooter,2019,24/12/2023
1450,E-bike,2015,30/06/2023
1451,Scooter,2018,26/10/2022
1452,Car,2013,13/09/2023
1453,Car,2013,08/03/2024
1454,Walking,2021,28/09/2022
1455,E-bike,2013,19/05/2023
1456,Walking,2015,21/11/2022
1457,E-bike,2013,14/02/2023
1458,Car,2020,02/05/2023
1459,Car,2022,10/11/2023
1460,Bicycle,2014,05/04/2023
1461,Bicycle,2023,14/01/2024
1462,Scooter,2013,06/12/2022
1463,Scooter,2021,29/08/2022
1464,Bicycle,2023,11/11/2023
1465,Car,2022,12/08/2022
1466,Bicycle,2013,20/10/2023
1467,Car,2015,20/11/2023
1468,Scooter,2017,07/07/2022
1469,E-bike,2015,04/01/2024
1470,Car,2015,22/03/2024
1471,E-bike,2018,02/09/2023
1472,Car,2021,25/10/2022
1473,E-bike,2014,07/08/2022
1474,Scooter,2019,20/04/2023
1475,Scooter,2017,21/03/2024
1476,E-bike,2019,30/11/2023
1477,E-bike,2014,06/10/2023
1478,Bicycle,2019,14/06/2023
1479,Scooter,2016,09/07/2022
1480,Scooter,2018,23/10/2022
1481,Scooter,2013,07/06/2023
1482,E-bike,2022,25/04/2023
1483,Walking,2019,19/05/2023
1484,E-bike,2019,10/04/2024
1485,E-bike,2019,10/04/2024
1486,E-bike,2015,01/01/2024
1487,Car,2023,28/09/2022
1488,E-bike,2021,02/11/2023
1489,Walking,2021,25/10/2023
1490,Scooter,2016,21/10/2023
1491,Car,2016,19/09/2023
1492,Bicycle,2017,12/01/2024
1493,Scooter,2020,01/10/2022
1494,Walking,2013,16/02/2024
1495,Scooter,2021,29/12/2022
1496,Scooter,2014,13/01/2023
1497,Car,2020,30/09/2023
1498,E-bike,2022,28/09/2023
1499,Car,2022,11/04/2024
1500,Bicycle,2021,11/01/2024
1501,Scooter,2014,04/07/2023
1502,Walking,2022,03/01/2023
1503,E-bike,2013,21/09/2023
1504,Scooter,2019,01/08/2023
1505,Car,2021,27/11/2023
1506,Car,2017,18/01/2023
1507,Bicycle,2014,25/04/2024
1508,E-bike,2023,18/11/2023
1509,Scooter,2022,05/12/2022
1510,Bicycle,2019,25/04/2024
1511,Car,2019,08/08/2023
1512,Car,2017,13/03/2023
1513,Bicycle,2017,09/08/2023
1514,E-bike,2018,18/10/2022
1515,Car,2017,12/05/2023
1516,Bicycle,2022,09/03/2024
1517,Car,2019,21/08/2023
1518,Bicycle,2019,29/08/2022
1519,Car,2018,17/10/2023
1520,E-bike,2019,28/05/2024
1521,E-bike,2023,18/04/2024
1522,Bicycle,2018,25/02/2024
1523,Car,2015,31/03/2024
1524,Car,2013,23/04/2023
1525,Bicycle,2015,12/03/2024
1526,Bicycle,2020,19/11/2022
1527,Scooter,2021,23/04/2024
1528,Walking,2013,26/05/2023
1529,Car,2018,28/10/2023
1530,Bicycle,2012,19/04/2024
1531,Bicycle,2014,03/10/2023
1532,Car,2012,12/07/2022
1533,Bicycle,2012,31/10/2022
1534,Car,2018,15/08/2022
1535,Bicycle,2020,03/07/2022
1536,Scooter,2017,20/04/2023
1537,E-bike,2020,29/10/2023
1538,E-bike,2012,10/05/2024
1539,Bicycle,2017,30/07/2023
1540,E-bike,2023,03/04/2023
1541,Bicycle,2019,18/01/2024
1542,Scooter,2022,11/01/2024
1543,Walking,2018,04/01/2024
1544,Car,2019,14/01/2023
1545,Scooter,2019,23/11/2022
1546,Scooter,2023,07/09/2022
1547,E-bike,2012,08/08/2023
1548,E-bike,2017,21/01/2023
1549,Car,2015,25/05/2023
1550,E-bike,2014,30/09/2022
1551,Car,2023,03/11/2022
1552,E-bike,2014,19/04/2023
1553,Scooter,2023,01/10/2022
1554,Car,2014,18/08/2023
1555,Car,2013,12/09/2022
1556,Scooter,2017,14/08/2023
1557,Bicycle,2019,15/02/2023
1558,Car,2012,27/10/2022
1559,E-bike,2015,13/08/2022
1560,E-bike,2014,14/07/2023
1561,Car,2019,03/07/2023
1562,Bicycle,2021,23/03/2023
1563,Walking,2023,14/11/2023
1564,Car,2013,13/08/2022
1565,Car,2015,27/05/2023
1566,Bicycle,2017,28/11/2022
1567,E-bike,2022,08/08/2023
1568,Walking,2016,14/10/2022
1569,Car,2014,03/10/2023
1570,Car,2018,23/10/2023
1571,Bicycle,2014,30/12/2023
1572,Car,2023,18/08/2022
1573,Bicycle,2013,03/12/2023
1574,Walking,2012,30/07/2023
1575,Scooter,2022,08/07/2023
1576,Bicycle,2013,24/10/2022
1577,Car,2022,03/11/2022
1578,Bicycle,2016,13/07/2022
1579,Car,2023,14/01/2024
1580,E-bike,2013,15/03/2023
1581,Bicycle,2017,21/11/2023
1582,Bicycle,2023,11/01/2023
1583,Bicycle,2014,30/12/2022
1584,E-bike,2017,26/08/2022
1585,Car,2021,15/10/2023
1586,Bicycle,2021,12/01/2024
1587,Bicycle,2014,06/11/2023
1588,E-bike,2018,08/07/2022
1589,Car,2019,17/11/2023
1590,Car,2023,29/12/2022
1591,Car,2015,06/11/2023
1592,Car,2012,27/04/2023
1593,Scooter,2017,25/01/2023
1594,Bicycle,2019,12/12/2022
1595,Car,2014,02/10/2022
1596,Car,2015,27/12/2023
1597,Bicycle,2018,19/09/2023
1598,Car,2018,03/07/2023
1599,E-bike,2017,10/02/2024
1600,Bicycle,2021,23/04/2023
1601,Bicycle,2012,04/04/2023
1602,Scooter,2023,27/10/2023
1603,E-bike,2013,03/12/2023
1604,E-bike,2015,03/04/2024
1605,E-bike,2022,09/04/2024
1606,E-bike,2012,20/10/2022
1607,E-bike,2018,21/12/2023
1608,Car,2020,18/05/2024
1609,Bicycle,2021,10/04/2023
1610,Scooter,2017,23/07/2022
1611,Walking,2022,13/05/2024
1612,Scooter,2018,22/11/2022
1613,Car,2022,28/02/2024
1614,E-bike,2016,02/10/2022
1615,E-bike,2020,25/10/2022
1616,Car,2018,03/01/2023
1617,Car,2018,21/04/2024
1618,Car,2022,07/05/2023
1619,Bicycle,2015,09/06/2023
1620,E-bike,2022,25/02/2023
1621,Car,2019,07/07/2023
1622,Car,2017,19/08/2022
1623,Car,2012,13/07/2022
1624,Bicycle,2022,07/06/2023
1625,Bicycle,2015,11/06/2023
1626,E-bike,2018,31/01/2023
1627,E-bike,2021,25/04/2023
1628,E-bike,2014,28/08/2022
1629,Bicycle,2022,26/10/2022
1630,Car,2023,11/12/2023
1631,E-bike,2020,22/05/2024
1632,Car,2013,15/07/2023
1633,Car,2023,12/05/2023
1634,Walking,2022,13/05/2023
1635,Car,2013,20/03/2024
1636,Scooter,2013,01/11/2023
1637,Car,2012,01/06/2023
1638,Scooter,2016,09/11/2023
1639,Car,2021,28/07/2023
1640,Bicycle,2014,25/03/2023
1641,Car,2022,07/06/2023
1642,Scooter,2023,22/11/2022
1643,E-bike,2012,13/10/2023
1644,Car,2017,23/01/2024
1645,Walking,2022,03/10/2022
1646,Car,2013,24/02/2023
1647,Scooter,2021,11/01/2024
1648,Bicycle,2022,21/08/2022
1649,E-bike,2020,20/07/2023
1650,Bicycle,2018,17/10/2023
1651,Car,2012,15/07/2023
1652,Scooter,2022,24/11/2022
1653,Car,2019,17/11/2022
1654,Bicycle,2012,09/12/2023
1655,Car,2023,08/01/2023
1656,E-bike,2017,31/03/2023
1657,Car,2018,27/08/2022
1658,Car,2020,08/10/2022
1659,Walking,2021,22/01/2023
1660,E-bike,2014,02/05/2023
1661,Car,2013,20/10/2022
1662,Scooter,2017,14/06/2023
1663,Scooter,2016,21/10/2022
1664,Car,2019,17/11/2023
1665,E-bike,2016,05/04/2023
1666,Scooter,2020,08/03/2023
1667,E-bike,2016,01/08/2023
1668,E-bike,2014,18/05/2023
1669,Scooter,2020,02/09/2023
1670,E-bike,2018,08/11/2022
1671,Scooter,2023,14/06/2023
1672,Scooter,2023,25/01/2024
1673,E-bike,2022,12/09/2022
1674,E-bike,2013,04/08/2022
1675,Car,2021,18/08/2022
1676,E-bike,2017,26/07/2022
1677,Car,2019,20/05/2023
1678,E-bike,2018,08/07/2022
1679,Car,2012,15/09/2022
1680,Car,2015,26/03/2024
1681,E-bike,2012,28/12/2023
1682,Scooter,2022,04/03/2024
1683,E-bike,2012,17/01/2024
1684,Scooter,2013,22/11/2022
1685,E-bike,2015,14/11/2022
1686,Bicycle,2013,02/10/2022
1687,Walking,2023,04/08/2022
1688,Car,2013,10/07/2022
1689,E-bike,2015,14/05/2024
1690,Bicycle,2023,25/11/2023
1691,E-bike,2019,22/04/2023
1692,Car,2012,12/04/2023
1693,Bicycle,2012,02/07/2023
1694,Car,2023,02/05/2024
1695,Car,2012,23/05/2024
1696,E-bike,2015,01/09/2023
1697,Car,2017,11/10/2022
1698,Bicycle,2019,30/09/2022
1699,E-bike,2013,12/12/2023
1700,E-bike,2012,05/11/2023
1701,Bicycle,2016,31/01/2024
1702,Bicycle,2021,08/11/2023
1703,Car,2017,20/07/2022
1704,Car,2012,11/10/2022
1705,Walking,2012,09/09/2022
1706,E-bike,2023,16/11/2023
1707,E-bike,2012,07/10/2022
1708,Car,2017,10/02/2023
1709,Bicycle,2023,13/12/2023
1710,E-bike,2018,25/06/2023
1711,Car,2012,02/11/2022
1712,Car,2022,27/10/2022
1713,E-bike,2019,03/02/2024
1714,Car,2013,12/01/2024
1715,Scooter,2013,08/04/2024
1716,Car,2014,09/07/2023
1717,Car,2021,20/03/2024
1718,E-bike,2013,22/05/2023
1719,Car,2021,14/11/2022
1720,Car,2019,27/01/2024
1721,Car,2018,23/08/2023
1722,Scooter,2017,20/03/2023
1723,Bicycle,2018,31/08/2022
1724,Bicycle,2019,22/12/2023
1725,E-bike,2022,12/03/2024
1726,Scooter,2013,15/05/2024
1727,Car,2023,28/10/2023
1728,Bicycle,2020,20/01/2023
1729,E-bike,2018,11/01/2024
1730,Bicycle,2023,22/05/2023
1731,Bicycle,2013,24/11/2022
1732,Bicycle,2019,20/09/2023
1733,Bicycle,2014,10/05/2024
1734,Bicycle,2020,03/08/2023
1735,E-bike,2017,26/11/2023
1736,Bicycle,2015,20/08/2022
1737,E-bike,2012,12/07/2022
1738,Bicycle,2022,09/01/2023
1739,Car,2022,30/09/2023
1740,E-bike,2019,09/06/2023
1741,Bicycle,2022,15/11/2022
1742,E-bike,2016,07/12/2023
1743,Scooter,2017,28/09/2022
1744,Walking,2019,22/09/2023
1745,Walking,2023,04/03/2024
1746,Bicycle,2014,26/11/2022
1747,Car,2014,05/01/2024
1748,Scooter,2019,08/05/2024
1749,Bicycle,2013,10/12/2023
1750,E-bike,2021,29/08/2022
1751,Scooter,2016,12/01/2023
1752,Car,2020,23/06/2023
1753,Bicycle,2015,30/10/2023
1754,E-bike,2023,15/09/2022
1755,Scooter,2023,03/01/2023
1756,Walking,2021,01/01/2024
1757,Bicycle,2015,19/01/2023
1758,Bicycle,2012,27/08/2022
1759,Bicycle,2017,17/10/2023
1760,Walking,2015,23/02/2024
1761,E-bike,2012,21/12/2022
1762,Bicycle,2015,02/03/2024
1763,Walking,2018,28/09/2022
1764,Walking,2020,22/10/2022
1765,Scooter,2015,27/07/2023
1766,Scooter,2013,22/08/2022
1767,Bicycle,2020,28/07/2023
1768,Car,2017,04/02/2023
1769,E-bike,2021,19/04/2023
1770,Walking,2015,29/03/2023
1771,E-bike,2017,11/03/2024
1772,E-bike,2016,19/12/2022
1773,E-bike,2022,28/01/2023
1774,Walking,2019,14/03/2023
1775,Walking,2012,04/02/2023
1776,Car,2013,22/04/2024
1777,Car,2022,30/01/2024
1778,E-bike,2020,21/12/2022
1779,Car,2019,01/11/2022
1780,Car,2017,21/08/2022
1781,Bicycle,2015,18/10/2022
1782,Walking,2014,16/10/2023
1783,Walking,2022,05/04/2024
1784,Scooter,2017,04/08/2022
1785,Walking,2019,29/08/2023
1786,Scooter,2021,26/10/2022
1787,Car,2019,23/01/2024
1788,Car,2020,07/01/2024
1789,Car,2014,26/12/2022
1790,Car,2019,20/10/2022
1791,Bicycle,2020,15/10/2022
1792,Car,2023,15/07/2023
1793,E-bike,2016,20/12/2022
1794,Car,2020,04/02/2024
1795,Bicycle,2017,15/11/2022
1796,Scooter,2013,27/12/2022
1797,E-bike,2017,29/11/2023
1798,Bicycle,2019,09/03/2023
1799,Scooter,2012,17/06/2023
1800,Scooter,2015,22/01/2023
1801,Bicycle,2020,22/05/2023
1802,Bicycle,2014,04/01/2023
1803,Bicycle,2023,27/04/2023
1804,Scooter,2017,13/10/2022
1805,Bicycle,2018,11/10/2023
1806,Car,2019,07/06/2023
1807,Bicycle,2021,11/05/2023
1808,Bicycle,2018,24/07/2022
1809,Car,2015,06/02/2024
1810,Bicycle,2016,14/09/2022
1811,Car,2016,18/01/2023
1812,Car,2019,29/09/2022
1813,Bicycle,2020,22/12/2023
1814,Car,2014,18/07/2022
1815,Bicycle,2016,13/10/2023
1816,Car,2018,25/06/2023
1817,E-bike,2012,23/03/2024
1818,Scooter,2013,15/01/2024
1819,Bicycle,2015,26/01/2024
1820,E-bike,2014,31/08/2023
1821,Scooter,2022,15/04/2024
1822,E-bike,2019,18/11/2022
1823,Car,2018,17/10/2023
1824,Bicycle,2015,21/09/2022
1825,Scooter,2017,15/03/2024
1826,E-bike,2014,22/07/2022
1827,Bicycle,2014,23/05/2023
1828,Scooter,2012,23/12/2023
1829,Car,2012,09/02/2023
1830,Walking,2019,11/12/2022
1831,Walking,2014,29/07/2022
1832,E-bike,2019,13/11/2022
1833,Bicycle,2016,20/12/2022
1834,Walking,2022,02/06/2023
1835,Scooter,2019,28/04/2024
1836,Scooter,2012,26/04/2023
1837,Bicycle,2020,25/09/2023
1838,Scooter,2016,23/12/2022
1839,Scooter,2013,16/12/2023
1840,E-bike,2014,11/07/2023
1841,E-bike,2020,19/03/2023
1842,Scooter,2019,02/03/2024
1843,Car,2012,31/10/2022
1844,Car,2023,04/08/2022
1845,E-bike,2016,14/09/2022
1846,Bicycle,2012,26/11/2023
1847,Bicycle,2023,31/08/2023
1848,Car,2023,20/09/2023
1849,Walking,2016,14/07/2023
1850,Bicycle,2018,07/08/2022
1851,E-bike,2022,04/09/2023
1852,Walking,2022,05/11/2023
1853,Car,2019,12/11/2022
1854,E-bike,2021,27/11/2022
1855,Car,2016,12/02/2023
1856,Car,2016,20/01/2024
1857,Bicycle,2017,01/12/2022
1858,E-bike,2018,13/07/2022
1859,Bicycle,2018,26/10/2022
1860,Bicycle,2021,29/05/2024
1861,Bicycle,2015,22/08/2022
1862,E-bike,2019,06/03/2023
1863,Scooter,2015,08/04/2023
1864,Bicycle,2015,08/04/2023
1865,Bicycle,2014,04/05/2023
1866,E-bike,2013,17/08/2022
1867,Car,2022,18/05/2023
1868,Bicycle,2022,27/04/2023
1869,E-bike,2013,07/02/2024
1870,Bicycle,2020,09/07/2023
1871,Car,2018,25/05/2023
1872,Car,2022,17/01/2023
1873,Scooter,2013,20/05/2024
1874,Car,2012,26/05/2023
1875,Bicycle,2015,15/07/2022
1876,Car,2017,27/02/2023
1877,Car,2023,17/12/2022
1878,Car,2023,28/10/2022
1879,E-bike,2014,07/09/2023
1880,Bicycle,2021,29/07/2022
1881,E-bike,2016,20/04/2023
1882,E-bike,2014,28/06/2023
1883,Car,2019,11/08/2023
1884,Car,2015,29/04/2023
1885,Scooter,2021,13/07/2022
1886,E-bike,2013,14/08/2022
1887,Bicycle,2021,18/06/2023
1888,Car,2021,22/10/2023
1889,Bicycle,2013,14/11/2022
1890,Car,2015,20/09/2023
1891,Walking,2018,21/06/2023
1892,Car,2018,04/12/2023
1893,Scooter,2020,11/02/2023
1894,Scooter,2012,08/10/2022
1895,Bicycle,2022,18/12/2022
1896,E-bike,2021,25/07/2023
1897,Bicycle,2020,08/07/2023
1898,E-bike,2013,14/02/2024
1899,Car,2021,02/11/2023
1900,Bicycle,2020,02/05/2023
1901,Bicycle,2014,04/08/2023
1902,E-bike,2020,16/11/2023
1903,Walking,2021,28/12/2022
1904,Car,2022,06/12/2022
1905,Car,2020,30/12/2023
1906,Walking,2019,24/04/2023
1907,Car,2023,24/06/2023
1908,Walking,2016,12/07/2023
1909,Scooter,2013,19/07/2023
1910,Bicycle,2012,06/02/2023
1911,Car,2020,28/08/2023
1912,Car,2013,18/07/2022
1913,E-bike,2023,05/11/2023
1914,Scooter,2012,16/05/2023
1915,Scooter,2019,07/01/2024
1916,Car,2014,14/03/2023
1917,Bicycle,2012,06/10/2022
1918,Scooter,2013,19/02/2023
1919,Scooter,2019,23/01/2023
1920,E-bike,2012,21/03/2024
1921,E-bike,2016,02/09/2022
1922,Bicycle,2012,03/07/2023
1923,Car,2021,06/10/2022
1924,E-bike,2021,01/06/2023
1925,Car,2016,27/08/2023
1926,Scooter,2013,10/10/2022
1927,E-bike,2016,22/10/2023
1928,Car,2017,03/02/2023
1929,Bicycle,2022,16/09/2022
1930,Car,2021,16/03/2024
1931,Bicycle,2017,30/07/2022
1932,E-bike,2019,09/10/2023
1933,E-bike,2020,03/04/2024
1934,Car,2014,30/03/2023
1935,Car,2023,02/11/2023
1936,Walking,2015,11/01/2024
1937,Car,2022,24/10/2022
1938,Car,2020,25/05/2024
1939,Bicycle,2015,11/08/2023
1940,E-bike,2023,28/12/2022
1941,E-bike,2016,04/02/2024
1942,Scooter,2022,30/11/2022
1943,Bicycle,2021,12/02/2023
1944,Scooter,2017,03/04/2023
1945,Car,2017,30/05/2023
1946,Bicycle,2023,02/01/2024
1947,Scooter,2023,06/04/2023
1948,E-bike,2020,21/11/2022
1949,Car,2015,26/08/2023
1950,Car,2016,06/11/2023
1951,Car,2021,20/03/2024
1952,Car,2018,17/09/2023
1953,Scooter,2023,08/01/2023
1954,E-bike,2023,26/07/2022
1955,Scooter,2015,26/03/2024
1956,Car,2014,08/05/2023
1957,E-bike,2022,27/08/2022
1958,E-bike,2012,12/08/2023
1959,E-bike,2021,24/08/2022
1960,Bicycle,2020,10/05/2023
1961,Walking,2012,24/09/2022
1962,E-bike,2023,25/12/2022
1963,Bicycle,2013,25/05/2024
1964,E-bike,2012,30/03/2023
1965,Car,2021,14/03/2023
1966,E-bike,2012,16/04/2024
1967,Scooter,2021,08/09/2022
1968,Bicycle,2022,01/09/2022
1969,Car,2012,27/11/2023
1970,E-bike,2023,10/04/2023
1971,Car,2012,13/05/2024
1972,Car,2015,23/01/2024
1973,Walking,2017,06/02/2023
1974,Walking,2021,02/08/2023
1975,E-bike,2012,13/11/2022
1976,Walking,2014,14/03/2024
1977,E-bike,2021,06/09/2022
1978,E-bike,2019,19/08/2023
1979,Car,2020,22/01/2024
1980,Car,2021,05/04/2023
1981,E-bike,2014,27/06/2023
1982,Car,2023,13/05/2023
1983,E-bike,2020,05/01/2023
1984,Scooter,2015,17/04/2023
1985,Walking,2018,12/08/2023
1986,Car,2017,02/10/2022
1987,Bicycle,2020,21/11/2023
1988,Car,2018,12/03/2024
1989,Bicycle,2022,18/10/2022
1990,E-bike,2020,23/09/2022
1991,Bicycle,2016,05/09/2023
1992,Bicycle,2023,03/10/2023
1993,Bicycle,2014,11/12/2023
1994,Scooter,2017,18/12/2023
1995,Car,2017,28/09/2022
1996,Car,2016,09/04/2023
1997,Car,2015,02/03/2023
1998,Bicycle,2021,13/04/2023
1999,Bicycle,2019,11/01/2024
2000,Scooter,2023,25/01/2023
2001,Car,2021,22/10/2023
2002,Walking,2021,31/10/2023
2003,Car,2016,19/11/2023
2004,Bicycle,2023,19/07/2023
2005,Bicycle,2022,21/10/2023
2006,Bicycle,2012,27/05/2024
2007,Walking,2023,25/12/2022
2008,Car,2013,19/05/2023
2009,Walking,2014,19/04/2024
2010,Car,2018,03/03/2024
2011,Bicycle,2022,10/05/2023
2012,Car,2012,06/05/2024
2013,Bicycle,2019,09/02/2023
2014,E-bike,2023,13/09/2023
2015,Walking,2018,18/03/2024
2016,E-bike,2018,17/03/2024
2017,Scooter,2018,04/02/2024
2018,Car,2018,03/05/2023
2019,Scooter,2012,06/09/2023
2020,Bicycle,2014,04/06/2023
2021,Car,2014,29/10/2023
2022,Bicycle,2018,13/11/2022
2023,Bicycle,2022,24/09/2022
2024,E-bike,2017,10/08/2022
2025,E-bike,2019,07/07/2023
2026,E-bike,2012,14/02/2023
2027,E-bike,2015,18/06/2023
2028,E-bike,2016,12/12/2022
2029,Bicycle,2013,26/12/2023
2030,E-bike,2017,24/08/2022
2031,Car,2013,21/12/2023
2032,Car,2023,01/04/2023
2033,E-bike,2016,11/09/2022
2034,Car,2015,26/01/2023
2035,Scooter,2018,17/12/2022
2036,Car,2014,02/03/2024
2037,Scooter,2022,12/07/2022
2038,Car,2023,28/04/2024
2039,Car,2019,18/12/2023
2040,Car,2016,15/10/2023
2041,Car,2020,15/09/2022
2042,E-bike,2014,10/09/2023
2043,Car,2014,13/05/2023
2044,Car,2013,29/08/2022
2045,E-bike,2015,03/04/2023
2046,E-bike,2014,11/02/2024
2047,Bicycle,2012,12/05/2024
2048,Car,2020,14/04/2024
2049,E-bike,2015,11/12/2023
2050,E-bike,2017,21/02/2023
2051,Bicycle,2017,17/08/2022
2052,Walking,2019,08/11/2022
2053,Car,2021,19/02/2024
2054,Bicycle,2022,15/09/2022
2055,Bicycle,2022,23/08/2023
2056,Bicycle,2020,02/08/2022
2057,Bicycle,2016,16/12/2023
2058,E-bike,2017,29/12/2022
2059,Car,2016,15/11/2023
2060,Bicycle,2013,23/03/2023
2061,Scooter,2016,26/02/2024
2062,E-bike,2013,08/05/2023
2063,E-bike,2023,02/05/2023
2064,E-bike,2019,15/12/2023
2065,Car,2016,19/06/2023
2066,Car,2022,30/11/2022
2067,Scooter,2019,26/10/2022
2068,Car,2022,26/05/2024
2069,Scooter,2013,08/04/2024
2070,Bicycle,2013,25/07/2022
2071,Car,2022,26/10/2022
2072,E-bike,2017,26/07/2023
2073,Scooter,2020,16/11/2023
2074,Bicycle,2016,20/11/2023
2075,Car,2015,07/04/2023
2076,Car,2012,29/12/2022
2077,Car,2016,05/03/2024
2078,Car,2019,09/12/2022
2079,Car,2017,29/08/2022
2080,Car,2018,19/02/2024
2081,E-bike,2022,02/05/2024
2082,Bicycle,2023,25/01/2024
2083,Bicycle,2023,10/04/2024
2084,Bicycle,2018,18/01/2024
2085,Scooter,2023,29/11/2023
2086,Bicycle,2012,04/04/2024
2087,Car,2022,11/03/2023
2088,Bicycle,2014,16/02/2023
2089,Scooter,2012,28/10/2023
2090,Bicycle,2023,20/05/2023
2091,Car,2012,16/05/2023
2092,E-bike,2020,02/04/2023
2093,Bicycle,2020,11/10/2023
2094,Scooter,2018,28/03/2024
2095,Scooter,2016,08/02/2024
2096,Scooter,2018,02/09/2022
2097,Scooter,2013,04/03/2023
2098,Car,2014,20/12/2023
2099,Bicycle,2017,20/03/2023
2100,E-bike,2023,20/08/2023
2101,Bicycle,2018,28/12/2022
2102,Walking,2012,01/02/2023
2103,Bicycle,2013,27/03/2024
2104,Scooter,2014,07/07/2023
2105,Bicycle,2018,22/10/2023
2106,E-bike,2019,14/07/2023
2107,Scooter,2016,11/12/2023
2108,Car,2016,14/04/2024
2109,Car,2018,19/12/2022
2110,Car,2014,09/05/2024
2111,Car,2017,27/01/2024
2112,E-bike,2020,18/02/2023
2113,Walking,2020,28/03/2023
2114,Walking,2019,27/12/2022
2115,Car,2013,21/04/2024
2116,E-bike,2014,18/10/2022
2117,E-bike,2014,07/12/2023
2118,E-bike,2017,04/08/2022
2119,Car,2016,04/01/2023
2120,Bicycle,2019,07/04/2023
2121,E-bike,2015,02/10/2023
2122,E-bike,2019,24/06/2023
2123,Scooter,2016,20/07/2022
2124,Car,2021,12/04/2024
2125,E-bike,2019,22/01/2023
2126,Car,2016,05/08/2022
2127,Scooter,2016,27/07/2022
2128,Scooter,2020,07/09/2022
2129,E-bike,2012,05/10/2023
2130,Car,2022,13/07/2023
2131,Walking,2021,23/11/2023
2132,E-bike,2013,21/11/2022
2133,Bicycle,2018,03/08/2022
2134,Car,2012,11/05/2024
2135,Scooter,2022,24/06/2023
2136,Car,2022,04/04/2023
2137,Car,2019,17/05/2023
2138,E-bike,2019,02/11/2023
2139,E-bike,2019,31/12/2023
2140,Scooter,2013,18/02/2024
2141,Car,2018,11/10/2023
2142,Car,2022,24/10/2022
2143,E-bike,2021,08/02/2024
2144,Car,2021,24/12/2022
2145,E-bike,2020,23/01/2023
2146,Bicycle,2015,20/08/2023
2147,E-bike,2014,13/10/2023
2148,E-bike,2016,23/11/2023
2149,Car,2017,24/01/2023
2150,Bicycle,2017,15/07/2023
2151,E-bike,2021,30/12/2023
2152,Bicycle,2014,23/07/2023
2153,Car,2015,03/02/2023
2154,Car,2017,04/04/2024
2155,Bicycle,2014,17/07/2022
2156,E-bike,2015,23/02/2023
2157,Car,2022,20/08/2023
2158,Bicycle,2022,12/08/2022
2159,Car,2013,15/06/2023
2160,Car,2016,17/03/2023
2161,E-bike,2012,19/12/2023
2162,Scooter,2016,03/07/2023
2163,Bicycle,2013,07/12/2023
2164,Scooter,2018,20/06/2023
2165,Scooter,2016,16/11/2023
2166,Walking,2017,27/09/2022
2167,E-bike,2022,08/10/2023
2168,E-bike,2018,20/01/2023
2169,Scooter,2021,27/03/2024
2170,Bicycle,2014,21/02/2024
2171,Bicycle,2012,22/12/2023
2172,E-bike,2021,09/03/2023
2173,E-bike,2020,22/01/2023
2174,Bicycle,2013,23/12/2023
2175,Car,2016,21/11/2023
2176,E-bike,2023,10/04/2023
2177,Scooter,2022,12/05/2023
2178,Scooter,2016,10/12/2023
2179,Bicycle,2015,01/05/2023
2180,Car,2020,17/08/2023
2181,E-bike,2019,12/02/2024
2182,E-bike,2014,28/01/2024
2183,E-bike,2014,15/01/2024
2184,Car,2020,01/03/2023
2185,Scooter,2018,09/08/2022
2186,Bicycle,2019,13/05/2023
2187,E-bike,2015,05/08/2022
2188,Car,2018,11/02/2023
2189,E-bike,2015,19/04/2024
2190,Car,2018,06/11/2022
2191,Car,2021,29/03/2024
2192,Bicycle,2016,25/11/2022
2193,Bicycle,2017,14/08/2023
2194,Bicycle,2013,05/12/2023
2195,Bicycle,2021,02/01/2024
2196,E-bike,2021,05/05/2024
2197,Car,2017,31/05/2023
2198,Car,2016,10/10/2023
2199,Car,2015,14/06/2023
2200,Walking,2017,25/12/2022
2201,Scooter,2014,22/04/2023
2202,Bicycle,2023,28/02/2023
2203,Car,2021,05/10/2023
2204,Car,2018,20/08/2023
2205,Car,2019,24/07/2022
2206,Car,2012,18/01/2024
2207,E-bike,2013,16/02/2024
2208,Walking,2017,14/03/2023
2209,E-bike,2019,14/08/2023
2210,Bicycle,2023,20/08/2022
2211,Car,2015,03/07/2023
2212,Car,2021,23/07/2023
2213,E-bike,2020,24/09/2022
2214,Bicycle,2015,07/09/2022
2215,Bicycle,2023,13/08/2022
2216,E-bike,2015,14/12/2022
2217,Car,2017,21/11/2023
2218,E-bike,2023,07/04/2024
2219,Scooter,2013,20/12/2022
2220,Car,2018,08/02/2024
2221,Scooter,2014,11/12/2023
2222,Walking,2022,24/01/2024
2223,E-bike,2012,19/08/2022
2224,E-bike,2019,20/09/2022
2225,E-bike,2023,22/11/2022
2226,Bicycle,2015,02/03/2024
2227,Scooter,2016,08/05/2024
2228,E-bike,2015,18/12/2023
2229,Car,2015,26/04/2024
2230,E-bike,2012,05/09/2022
2231,Walking,2012,20/01/2023
2232,Car,2021,13/05/2023
2233,E-bike,2022,07/11/2022
2234,E-bike,2016,04/10/2023
2235,Bicycle,2016,23/08/2022
2236,Walking,2017,28/07/2022
2237,E-bike,2013,22/11/2023
2238,Walking,2015,25/12/2023
2239,E-bike,2023,25/10/2022
2240,Scooter,2023,04/04/2024
2241,E-bike,2020,28/06/2023
2242,Walking,2020,18/04/2024
2243,E-bike,2015,21/08/2023
2244,Car,2012,25/06/2023
2245,E-bike,2012,13/11/2022
2246,Scooter,2015,18/12/2022
2247,Car,2017,28/09/2023
2248,Scooter,2021,22/09/2023
2249,E-bike,2018,04/12/2023
2250,Scooter,2013,13/12/2023
2251,E-bike,2013,08/01/2024
2252,Car,2023,17/12/2022
2253,Scooter,2017,16/02/2024
2254,Scooter,2021,04/05/2023
2255,Walking,2013,25/01/2023
2256,E-bike,2021,28/12/2023
2257,Car,2022,05/07/2022
2258,E-bike,2015,03/05/2024
2259,E-bike,2019,01/07/2023
2260,Bicycle,2019,16/01/2023
2261,Car,2021,11/03/2023
2262,Bicycle,2022,25/03/2024
2263,Scooter,2012,29/08/2023
2264,Scooter,2021,16/04/2024
2265,Car,2023,28/03/2024
2266,Scooter,2014,19/04/2023
2267,Scooter,2018,23/01/2023
2268,Bicycle,2015,01/05/2024
2269,Car,2015,16/03/2024
2270,Car,2023,07/07/2023
2271,Car,2019,16/12/2022
2272,E-bike,2020,21/05/2024
2273,Walking,2019,19/07/2022
2274,Bicycle,2014,13/05/2023
2275,Car,2019,05/10/2023
2276,Car,2014,03/08/2022
2277,Bicycle,2020,20/12/2022
2278,E-bike,2016,30/03/2023
2279,Walking,2023,07/09/2023
2280,Scooter,2017,18/12/2022
2281,E-bike,2012,25/03/2023
2282,Walking,2013,31/07/2022
2283,Car,2017,25/10/2022
2284,E-bike,2019,03/09/2022
2285,Car,2012,17/03/2024
2286,Car,2022,14/07/2022
2287,Scooter,2012,21/07/2022
2288,Car,2012,20/05/2023
2289,Car,2014,01/11/2022
2290,Scooter,2021,12/03/2023
2291,E-bike,2014,27/02/2024
2292,Car,2021,02/09/2023
2293,Bicycle,2022,05/09/2022
2294,Car,2020,29/01/2024
2295,E-bike,2012,02/02/2024
2296,Scooter,2017,06/05/2023
2297,Car,2012,25/08/2022
2298,Car,2019,12/12/2023
2299,Car,2019,03/06/2023
2300,Car,2022,05/09/2022
2301,E-bike,2014,28/11/2022
2302,E-bike,2023,28/07/2023
2303,Walking,2014,21/10/2022
2304,Car,2019,14/02/2024
2305,Scooter,2017,13/07/2023
2306,Bicycle,2023,31/03/2023
2307,Car,2016,29/03/2023
2308,E-bike,2021,12/11/2023
2309,Bicycle,2023,04/09/2022
2310,Car,2019,28/10/2022
2311,Car,2017,11/03/2023
2312,Car,2016,13/11/2023
2313,E-bike,2017,23/09/2023
2314,Car,2016,18/09/2023
2315,Car,2013,16/01/2024
2316,Car,2013,16/05/2024
2317,Bicycle,2022,28/09/2023
2318,Bicycle,2021,05/11/2022
2319,Car,2021,19/10/2023
2320,Car,2023,25/08/2023
2321,E-bike,2018,30/03/2023
2322,E-bike,2015,31/03/2024
2323,Bicycle,2019,13/12/2022
2324,Bicycle,2012,27/11/2023
2325,Walking,2020,05/03/2023
2326,E-bike,2018,09/12/2023
2327,Car,2022,04/02/2024
2328,Bicycle,2020,21/05/2023
2329,Car,2014,23/09/2022
2330,Car,2018,03/05/2023
2331,Scooter,2020,18/06/2023
2332,Walking,2013,20/08/2023
2333,Car,2023,15/02/2023
2334,Scooter,2022,19/04/2024
2335,Car,2015,29/12/2022
2336,Car,2017,12/04/2024
2337,Bicycle,2015,14/11/2022
2338,Scooter,2013,20/03/2024
2339,Scooter,2013,21/05/2024
2340,Scooter,2022,23/10/2022
2341,Car,2015,27/01/2024
2342,Bicycle,2017,18/02/2023
2343,E-bike,2023,20/07/2022
2344,Car,2015,24/07/2023
2345,Scooter,2018,05/01/2024
2346,E-bike,2019,04/07/2023
2347,Walking,2019,12/05/2024
2348,E-bike,2019,24/07/2022
2349,Scooter,2020,09/03/2023
2350,E-bike,2018,01/03/2024
2351,Bicycle,2016,02/10/2023
2352,Car,2022,14/07/2023
2353,Car,2012,20/08/2023
2354,E-bike,2012,04/05/2024
2355,Scooter,2015,24/10/2022
2356,Car,2014,26/12/2023
2357,Bicycle,2015,22/08/2022
2358,Bicycle,2016,02/06/2023
2359,Scooter,2015,18/08/2022
2360,Car,2012,09/11/2023
2361,Scooter,2021,17/12/2023
2362,Bicycle,2016,08/07/2022
2363,E-bike,2015,03/02/2023
2364,Bicycle,2016,29/06/2023
2365,Car,2017,10/04/2023
2366,Bicycle,2014,22/08/2023
2367,Scooter,2017,08/10/2023
2368,Car,2020,31/10/2022
2369,Walking,2012,09/05/2024
2370,Car,2015,29/07/2023
2371,Bicycle,2020,26/05/2024
2372,Bicycle,2020,27/03/2023
2373,Car,2020,08/12/2022
2374,Car,2020,06/07/2022
2375,Scooter,2019,10/01/2023
2376,Car,2017,21/10/2022
2377,Car,2016,24/11/2022
2378,Bicycle,2022,05/03/2023
2379,E-bike,2019,02/02/2023
2380,Car,2018,19/08/2022
2381,Walking,2013,21/01/2023
2382,Scooter,2012,19/01/2023
2383,Car,2017,27/09/2023
2384,E-bike,2017,24/02/2023
2385,Car,2017,31/07/2022
2386,Car,2013,12/05/2023
2387,E-bike,2014,01/11/2022
2388,Car,2022,31/10/2022
2389,Scooter,2023,06/01/2024
2390,E-bike,2018,29/11/2022
2391,E-bike,2013,24/04/2023
2392,Car,2019,12/01/2023
2393,Bicycle,2013,12/05/2023
2394,Bicycle,2014,11/04/2023
2395,Scooter,2020,07/03/2023
2396,E-bike,2018,25/05/2023
2397,Car,2014,27/04/2024
2398,Car,2023,14/07/2023
2399,Scooter,2017,15/12/2023
2400,Scooter,2014,17/09/2022
2401,Bicycle,2018,06/07/2022
2402,Scooter,2018,16/11/2022
2403,Car,2015,14/12/2022
2404,Bicycle,2018,09/07/2022
2405,E-bike,2020,06/01/2023
2406,Bicycle,2013,29/02/2024
2407,Scooter,2015,22/03/2023
2408,Scooter,2013,05/12/2022
2409,E-bike,2014,03/08/2022
2410,Bicycle,2015,13/08/2023
2411,Car,2012,04/09/2022
2412,E-bike,2018,21/08/2022
2413,Bicycle,2022,16/08/2022
2414,E-bike,2022,20/05/2023
2415,Scooter,2021,28/06/2023
2416,Car,2013,12/08/2023
2417,Car,2014,24/09/2023
2418,Scooter,2019,28/05/2024
2419,Bicycle,2016,04/08/2023
2420,Walking,2012,10/10/2023
2421,Scooter,2023,15/10/2023
2422,Walking,2023,23/12/2023
2423,Car,2023,17/11/2023
2424,Car,2018,04/01/2023
2425,Walking,2022,30/08/2023
2426,Bicycle,2013,10/08/2023
2427,Scooter,2016,13/02/2023
2428,E-bike,2017,06/07/2023
2429,Scooter,2015,17/03/2023
2430,Car,2021,23/10/2022
2431,Bicycle,2021,23/11/2023
2432,Car,2014,08/01/2024
2433,Walking,2022,10/02/2024
2434,Car,2020,25/11/2022
2435,Bicycle,2023,03/01/2023
2436,Car,2020,27/01/2023
2437,Car,2017,02/08/2022
2438,Scooter,2021,03/01/2024
2439,E-bike,2017,16/12/2023
2440,Walking,2015,13/07/2023
2441,Scooter,2012,19/08/2023
2442,Car,2021,24/02/2024
2443,E-bike,2021,04/12/2023
2444,Bicycle,2012,19/11/2022
2445,Car,2018,01/03/2024
2446,E-bike,2020,15/09/2022
2447,Car,2021,23/05/2023
2448,Scooter,2019,03/06/2023
2449,Car,2017,11/09/2023
2450,Scooter,2012,09/03/2023
2451,Car,2014,22/04/2023
2452,Car,2016,05/05/2023
2453,Bicycle,2023,27/02/2024
2454,E-bike,2012,10/03/2024
2455,Car,2022,25/07/2023
2456,Bicycle,2015,29/05/2024
2457,Scooter,2016,16/05/2024
2458,Scooter,2018,22/11/2022
2459,Bicycle,2020,05/10/2023
2460,E-bike,2023,10/11/2023
2461,Scooter,2016,23/08/2022
2462,Car,2014,19/05/2023
2463,Bicycle,2017,18/01/2024
2464,Walking,2018,05/01/2024
2465,Car,2021,11/01/2024
2466,Scooter,2021,02/05/2024
2467,Car,2014,16/12/2022
2468,Car,2016,31/01/2023
2469,Bicycle,2018,15/08/2023
2470,Bicycle,2017,29/06/2023
2471,Scooter,2016,25/06/2023
2472,Car,2022,14/10/2023
2473,E-bike,2013,12/04/2024
2474,Bicycle,2019,01/12/2022
2475,Bicycle,2021,27/11/2023
2476,Bicycle,2017,22/11/2023
2477,Car,2015,02/08/2022
2478,Car,2023,25/10/2022
2479,E-bike,2014,26/07/2023
2480,Car,2016,15/04/2023
2481,Car,2022,07/11/2022
2482,Scooter,2022,10/08/2022
2483,Bicycle,2017,30/10/2022
2484,Car,2021,14/09/2022
2485,Scooter,2023,12/04/2024
2486,Car,2018,16/11/2022
2487,Car,2020,22/01/2023
2488,Car,2012,24/07/2022
2489,E-bike,2020,14/12/2022
2490,Bicycle,2015,23/01/2024
2491,Scooter,2022,10/12/2023
2492,E-bike,2012,14/05/2024
2493,E-bike,2013,27/04/2024
2494,Scooter,2016,30/11/2023
2495,Walking,2020,02/04/2023
2496,Bicycle,2012,25/10/2023
2497,Walking,2021,23/05/2024
2498,Scooter,2016,08/09/2022
2499,Car,2017,07/06/2023
2500,E-bike,2022,11/05/2024
2501,Scooter,2023,05/05/2024
2502,E-bike,2014,16/01/2024
2503,Car,2021,01/01/2024
2504,Car,2019,14/12/2022
2505,E-bike,2021,18/06/2023
2506,Walking,2012,07/01/2024
2507,Car,2016,25/08/2023
2508,Car,2014,14/01/2024
2509,Car,2018,11/09/2023
2510,E-bike,2020,30/12/2023
2511,E-bike,2022,30/12/2023
2512,Car,2018,24/06/2023
2513,Scooter,2016,22/06/2023
2514,E-bike,2014,25/05/2024
2515,Bicycle,2021,06/04/2024
2516,Car,2020,14/12/2023
2517,Car,2018,06/09/2022
2518,Scooter,2022,08/06/2023
2519,E-bike,2015,30/11/2022
2520,Scooter,2018,21/07/2022
2521,Bicycle,2018,07/10/2022
2522,E-bike,2022,29/10/2022
2523,E-bike,2022,17/01/2024
2524,Scooter,2017,23/08/2022
2525,Walking,2023,06/01/2023
2526,Scooter,2017,23/05/2023
2527,Bicycle,2021,12/08/2023
2528,Car,2018,20/05/2023
2529,Car,2017,02/11/2022
2530,Scooter,2023,29/10/2022
2531,Scooter,2014,03/02/2023
2532,Bicycle,2021,24/05/2023
2533,Walking,2016,10/08/2022
2534,Walking,2017,11/11/2022
2535,Car,2022,23/11/2023
2536,Bicycle,2016,02/02/2024
2537,Car,2015,02/05/2024
2538,Car,2012,28/10/2022
2539,Car,2015,31/08/2023
2540,Bicycle,2023,28/05/2023
2541,Car,2016,31/08/2023
2542,Car,2021,14/06/2023
2543,Car,2023,01/08/2023
2544,Car,2016,27/08/2022
2545,Walking,2017,04/09/2023
2546,Car,2018,24/10/2023
2547,Scooter,2012,08/12/2022
2548,Car,2015,17/08/2023
2549,E-bike,2020,07/09/2022
2550,Bicycle,2015,03/04/2023
2551,E-bike,2016,04/11/2023
2552,Bicycle,2022,13/03/2024
2553,Car,2020,14/02/2023
2554,Scooter,2017,30/12/2023
2555,Car,2018,11/04/2023
2556,Scooter,2021,22/07/2022
2557,Bicycle,2014,01/09/2023
2558,Scooter,2021,08/07/2022
2559,Car,2018,27/06/2023
2560,Bicycle,2018,08/03/2024
2561,Scooter,2012,15/04/2023
2562,Scooter,2022,28/03/2024
2563,Bicycle,2018,23/12/2023
2564,Bicycle,2014,24/10/2023
2565,Scooter,2023,12/01/2024
2566,Car,2019,27/10/2022
2567,Car,2016,19/12/2023
2568,E-bike,2023,08/03/2024
2569,Walking,2014,20/10/2022
2570,E-bike,2020,20/04/2023
2571,Car,2013,06/04/2023
2572,Car,2016,07/05/2023
2573,Bicycle,2015,14/03/2023
2574,Scooter,2012,30/08/2023
2575,Scooter,2016,26/08/2022
2576,Car,2012,09/02/2023
2577,Scooter,2019,22/04/2024
2578,E-bike,2020,20/12/2023
2579,E-bike,2014,20/01/2024
2580,Car,2018,08/10/2023
2581,Walking,2012,15/07/2023
2582,E-bike,2023,30/07/2023
2583,Car,2014,12/10/2023
2584,Bicycle,2022,05/07/2022
2585,Scooter,2021,10/08/2023
2586,Car,2016,28/10/2022
2587,E-bike,2021,26/11/2023
2588,Car,2012,22/04/2023
2589,E-bike,2018,27/05/2023
2590,Walking,2020,20/11/2022
2591,Car,2013,24/02/2024
2592,E-bike,2021,31/08/2022
2593,Scooter,2018,13/07/2023
2594,E-bike,2019,31/08/2022
2595,E-bike,2017,18/06/2023
2596,Bicycle,2012,23/08/2022
2597,Car,2016,10/10/2023
2598,Scooter,2013,26/03/2024
2599,Walking,2023,01/12/2022
2600,Car,2015,20/05/2024
2601,Bicycle,2013,09/02/2024
2602,Walking,2017,23/05/2023
2603,Bicycle,2022,11/03/2023
2604,E-bike,2015,21/03/2023
2605,Bicycle,2015,13/08/2022
2606,E-bike,2018,17/07/2023
2607,Car,2021,01/03/2024
2608,Car,2016,20/01/2024
2609,Scooter,2016,22/12/2022
2610,Walking,2017,03/11/2022
2611,Bicycle,2018,18/12/2022
2612,Car,2012,07/01/2023
2613,E-bike,2023,04/08/2023
2614,Bicycle,2019,01/04/2024
2615,Car,2014,02/10/2022
2616,E-bike,2015,14/12/2022
2617,Scooter,2021,20/08/2022
2618,Bicycle,2019,11/01/2024
2619,Bicycle,2020,11/08/2023
2620,Walking,2015,04/03/2024
2621,Scooter,2016,19/05/2023
2622,E-bike,2018,24/02/2024
2623,Scooter,2012,10/10/2023
2624,Walking,2014,24/12/2022
2625,E-bike,2015,18/05/2023
2626,Bicycle,2015,12/07/2023
2627,Scooter,2023,04/03/2023
2628,Scooter,2022,21/12/2022
2629,E-bike,2021,04/04/2024
2630,Walking,2018,13/01/2023
2631,Scooter,2013,15/01/2023
2632,E-bike,2016,06/12/2023
2633,Car,2012,22/04/2024
2634,E-bike,2015,22/11/2023
2635,Bicycle,2013,25/09/2022
2636,Bicycle,2013,14/05/2023
2637,Bicycle,2012,26/10/2022
2638,Bicycle,2015,22/03/2023
2639,Bicycle,2016,24/08/2022
2640,Walking,2013,11/09/2022
2641,E-bike,2013,14/05/2024
2642,Car,2017,06/10/2023
2643,Bicycle,2014,28/01/2023
2644,Scooter,2012,21/09/2022
2645,Walking,2015,18/04/2024
2646,Scooter,2016,13/03/2024
2647,Scooter,2019,28/07/2022
2648,Scooter,2013,27/05/2024
2649,Car,2013,02/02/2024
2650,Car,2020,12/02/2023
2651,Scooter,2023,19/05/2023
2652,E-bike,2016,19/09/2022
2653,Car,2016,20/01/2024
2654,Car,2018,17/12/2022
2655,E-bike,2016,13/01/2023
2656,E-bike,2016,07/08/2022
2657,Car,2020,06/08/2023
2658,Car,2014,15/01/2024
2659,E-bike,2012,12/05/2023
2660,Scooter,2021,25/10/2022
2661,E-bike,2016,12/11/2022
2662,E-bike,2020,22/07/2022
2663,Bicycle,2023,09/12/2022
2664,Bicycle,2020,02/07/2023
2665,Scooter,2013,12/05/2023
2666,E-bike,2012,28/11/2022
2667,Car,2016,27/02/2023
2668,Bicycle,2020,08/10/2022
2669,Bicycle,2022,21/07/2023
2670,E-bike,2021,22/03/2023
2671,Scooter,2019,27/07/2023
2672,Scooter,2020,03/11/2023
2673,Scooter,2015,08/07/2022
2674,E-bike,2017,18/03/2023
2675,Car,2023,26/01/2023
2676,Car,2020,12/01/2024
2677,Scooter,2021,07/05/2023
2678,Walking,2021,04/05/2023
2679,Car,2017,27/01/2023
2680,Car,2021,21/05/2023
2681,E-bike,2023,21/05/2023
2682,E-bike,2020,07/08/2022
2683,Scooter,2021,27/03/2024
2684,E-bike,2019,15/02/2024
2685,E-bike,2015,08/08/2023
2686,Car,2022,12/10/2023
2687,Walking,2016,10/05/2023
2688,E-bike,2018,21/07/2023
2689,Car,2022,03/05/2023
2690,Car,2017,02/11/2022
2691,E-bike,2020,24/01/2023
2692,Car,2021,17/03/2024
2693,Car,2019,07/10/2023
2694,Walking,2022,02/01/2023
2695,E-bike,2017,14/04/2024
2696,Car,2020,03/07/2023
2697,Car,2021,24/09/2022
2698,Car,2019,24/01/2023
2699,Walking,2020,04/01/2024
2700,Bicycle,2019,13/07/2023
2701,Scooter,2021,24/03/2024
2702,Walking,2014,27/04/2023
2703,E-bike,2017,03/05/2023
2704,Bicycle,2012,31/03/2023
2705,Car,2022,20/03/2023
2706,Car,2023,26/09/2023
2707,Car,2020,15/11/2022
2708,E-bike,2013,27/03/2023
2709,Scooter,2012,17/02/2023
2710,E-bike,2017,11/10/2023
2711,E-bike,2016,24/11/2023
2712,Car,2012,08/01/2023
2713,Bicycle,2018,06/11/2022
2714,Car,2020,23/05/2024
2715,Scooter,2022,26/12/2023
2716,Scooter,2021,23/11/2023
2717,E-bike,2020,07/09/2022
2718,Car,2021,21/09/2022
2719,Car,2020,30/08/2022
2720,E-bike,2013,21/01/2024
2721,Bicycle,2021,20/10/2022
2722,Scooter,2021,25/06/2023
2723,E-bike,2017,31/05/2023
2724,Car,2019,11/03/2024
2725,Car,2020,10/05/2023
2726,Bicycle,2022,22/09/2023
2727,Walking,2021,11/01/2023
2728,E-bike,2020,09/09/2023
2729,Scooter,2012,08/12/2022
2730,E-bike,2023,10/11/2022
2731,Car,2022,26/04/2023
2732,Bicycle,2017,09/05/2024
2733,Car,2012,16/03/2024
2734,E-bike,2021,28/09/2022
2735,E-bike,2015,14/05/2023
2736,Car,2021,28/07/2023
2737,Scooter,2012,22/01/2024
2738,Car,2014,26/10/2022
2739,Car,2015,06/06/2023
2740,Car,2013,26/06/2023
2741,E-bike,2019,02/06/2023
2742,Car,2012,24/10/2022
2743,E-bike,2014,15/04/2024
2744,E-bike,2014,31/01/2024
2745,Car,2012,03/09/2022
2746,Bicycle,2017,20/01/2024
2747,Scooter,2013,05/08/2023
2748,Walking,2020,29/12/2023
2749,Scooter,2019,31/01/2023
2750,Car,2019,27/04/2024
2751,Car,2017,10/07/2022
2752,Walking,2014,27/10/2022
2753,Scooter,2012,01/07/2023
2754,Scooter,2019,15/12/2022
2755,Bicycle,2023,29/05/2023
2756,Car,2021,16/02/2024
2757,Car,2021,16/11/2023
2758,Car,2019,11/05/2024
2759,Car,2015,21/09/2023
2760,Car,2016,30/03/2024
2761,Car,2013,06/01/2023
2762,Scooter,2015,29/09/2022
2763,Walking,2015,07/02/2024
2764,Car,2021,11/08/2022
2765,E-bike,2023,19/02/2024
2766,E-bike,2015,03/03/2023
2767,Car,2016,19/04/2023
2768,E-bike,2018,07/08/2023
2769,Bicycle,2020,03/10/2023
2770,Walking,2019,07/12/2023
2771,Bicycle,2017,25/10/2023
2772,Bicycle,2012,08/01/2024
2773,Scooter,2012,23/11/2023
2774,E-bike,2022,26/03/2023
2775,Car,2017,24/10/2023
2776,Bicycle,2017,15/07/2023
2777,Bicycle,2020,25/04/2023
2778,Scooter,2018,23/09/2022
2779,E-bike,2015,02/03/2024
2780,Scooter,2021,15/03/2023
2781,Car,2022,11/08/2023
2782,E-bike,2022,05/05/2024
2783,Car,2017,17/04/2024
2784,E-bike,2014,30/09/2022
2785,Car,2015,08/08/2022
2786,E-bike,2019,25/03/2023
2787,Walking,2013,20/11/2023
2788,Scooter,2013,30/12/2022
2789,Car,2022,18/02/2023
2790,E-bike,2019,27/09/2022
2791,Scooter,2016,19/03/2023
2792,E-bike,2013,27/10/2023
2793,Bicycle,2016,18/01/2024
2794,Car,2012,27/10/2023
2795,Scooter,2014,08/07/2023
2796,E-bike,2017,10/08/2023
2797,Car,2021,22/03/2023
2798,Walking,2023,27/02/2024
2799,Car,2020,10/07/2023
2800,Scooter,2018,23/05/2023
2801,Car,2014,13/12/2023
2802,Walking,2021,02/10/2023
2803,Walking,2020,02/03/2023
2804,E-bike,2020,06/09/2022
2805,Scooter,2018,23/09/2023
2806,Scooter,2016,13/04/2023
2807,Car,2013,28/07/2022
2808,E-bike,2012,08/04/2024
2809,Bicycle,2020,18/12/2022
2810,Car,2020,15/07/2022
2811,E-bike,2019,06/03/2023
2812,Walking,2015,03/09/2022
2813,E-bike,2021,27/02/2024
2814,Bicycle,2020,10/12/2023
2815,Bicycle,2015,14/05/2023
2816,Scooter,2022,16/04/2024
2817,E-bike,2012,03/07/2023
2818,E-bike,2017,15/12/2023
2819,Car,2023,31/08/2023
2820,Bicycle,2015,24/11/2023
2821,E-bike,2022,20/05/2023
2822,Car,2022,02/01/2024
2823,Scooter,2022,06/01/2024
2824,E-bike,2019,04/04/2024
2825,Car,2019,05/07/2023
2826,Scooter,2014,27/05/2024
2827,Bicycle,2018,13/01/2024
2828,E-bike,2022,10/10/2022
2829,Bicycle,2021,17/07/2023
2830,Car,2012,11/01/2023
2831,E-bike,2014,07/06/2023
2832,Bicycle,2020,14/05/2024
2833,Car,2021,22/03/2023
2834,Bicycle,2022,07/01/2024
2835,Car,2023,23/03/2024
2836,Walking,2013,17/12/2023
2837,E-bike,2012,17/01/2024
2838,E-bike,2014,23/05/2023
2839,Car,2022,09/04/2024
2840,Car,2012,28/11/2023
2841,E-bike,2021,11/11/2022
2842,Car,2022,08/10/2023
2843,Scooter,2015,14/05/2024
2844,Scooter,2013,31/08/2022
2845,Car,2012,09/04/2023
2846,E-bike,2021,23/07/2022
2847,Walking,2021,02/03/2024
2848,Scooter,2012,18/07/2022
2849,Scooter,2021,22/03/2024
2850,Scooter,2020,29/08/2022
2851,Bicycle,2023,14/08/2023
2852,Scooter,2018,23/08/2022
2853,Scooter,2012,09/09/2023
2854,Bicycle,2014,08/02/2023
2855,Car,2021,21/12/2023
2856,Car,2017,08/10/2023
2857,Car,2016,08/09/2022
2858,E-bike,2014,20/08/2022
2859,Scooter,2016,07/07/2023
2860,Car,2013,28/01/2024
2861,Bicycle,2016,21/01/2024
2862,E-bike,2017,12/10/2023
2863,E-bike,2015,19/06/2023
2864,Bicycle,2017,24/04/2023
2865,Car,2016,24/01/2023
2866,Walking,2016,15/11/2022
2867,Car,2017,12/03/2023
2868,Walking,2023,09/11/2023
2869,Scooter,2021,17/03/2024
2870,Bicycle,2014,18/05/2023
2871,Scooter,2017,13/10/2022
2872,Car,2012,18/07/2022
2873,E-bike,2022,08/10/2023
2874,Car,2023,01/01/2023
2875,Car,2017,18/05/2024
2876,Car,2017,20/11/2022
2877,Scooter,2016,19/01/2024
2878,Car,2020,12/10/2022
2879,Bicycle,2014,28/05/2023
2880,Car,2015,16/05/2024
2881,E-bike,2020,25/07/2022
2882,Car,2018,08/03/2023
2883,Car,2017,06/03/2024
2884,Car,2020,28/02/2023
2885,E-bike,2013,13/07/2022
2886,E-bike,2012,05/07/2022
2887,Scooter,2021,21/07/2023
2888,Bicycle,2023,02/10/2023
2889,E-bike,2017,20/01/2024
2890,Car,2021,12/12/2022
2891,Bicycle,2013,29/05/2023
2892,Car,2021,06/12/2023
2893,Walking,2014,04/10/2023
2894,Scooter,2018,21/01/2023
2895,E-bike,2023,02/04/2024
2896,Bicycle,2022,21/10/2022
2897,Scooter,2013,01/08/2022
2898,Walking,2017,09/01/2024
2899,E-bike,2016,11/10/2023
2900,E-bike,2013,16/02/2024
2901,E-bike,2020,04/03/2023
2902,Car,2020,03/06/2023
2903,Scooter,2015,03/10/2022
2904,E-bike,2021,01/10/2022
2905,Car,2012,10/12/2022
2906,Car,2023,02/01/2024
2907,Bicycle,2013,15/08/2022
2908,Walking,2023,27/06/2023
2909,Car,2019,08/02/2024
2910,E-bike,2022,15/01/2023
2911,Walking,2012,07/06/2023
2912,Car,2014,07/11/2023
2913,E-bike,2015,03/02/2023
2914,Walking,2013,08/12/2022
2915,Car,2014,01/08/2023
2916,E-bike,2016,09/08/2022
2917,Scooter,2016,07/04/2024
2918,Car,2020,30/09/2022
2919,E-bike,2013,14/08/2023
2920,Car,2017,08/05/2023
2921,Car,2012,21/03/2023
2922,Scooter,2022,31/08/2022
2923,Bicycle,2015,18/08/2022
2924,Car,2015,28/05/2023
2925,Car,2017,17/02/2024
2926,Bicycle,2021,04/01/2024
2927,E-bike,2014,04/12/2022
2928,Bicycle,2019,06/02/2023
2929,Bicycle,2023,08/08/2023
2930,Car,2016,29/11/2022
2931,Car,2022,13/03/2023
2932,Scooter,2013,01/11/2022
2933,Scooter,2021,02/04/2023
2934,E-bike,2013,25/11/2023
2935,E-bike,2016,02/04/2023
2936,Bicycle,2018,09/07/2023
2937,Car,2014,28/10/2022
2938,E-bike,2019,11/10/2022
2939,Walking,2016,24/01/2024
2940,Bicycle,2018,05/05/2024
2941,E-bike,2019,01/04/2023
2942,Car,2013,28/01/2024
2943,Bicycle,2019,05/08/2022
2944,Scooter,2019,10/11/2022
2945,Bicycle,2018,25/12/2023
2946,Bicycle,2012,21/05/2024
2947,E-bike,2017,25/05/2024
2948,Car,2020,06/01/2023
2949,Car,2019,21/09/2023
2950,E-bike,2012,06/08/2023
2951,Car,2015,09/01/2023
2952,Car,2016,30/11/2022
2953,Bicycle,2022,15/10/2022
2954,Bicycle,2020,12/08/2023
2955,Walking,2017,02/03/2024
2956,E-bike,2018,28/03/2024
2957,Car,2019,11/02/2023
2958,Car,2015,18/01/2023
2959,Car,2021,24/06/2023
2960,Car,2023,08/04/2023
2961,Bicycle,2022,07/12/2023
2962,E-bike,2019,09/09/2022
2963,Bicycle,2015,07/10/2022
2964,E-bike,2016,28/10/2022
2965,Bicycle,2019,06/03/2024
2966,Scooter,2022,15/10/2023
2967,Scooter,2019,03/11/2023
2968,Walking,2020,31/01/2024
2969,Car,2022,04/07/2023
2970,Car,2012,30/11/2023
2971,Bicycle,2014,11/03/2024
2972,Car,2019,03/07/2022
2973,Bicycle,2022,28/12/2022
2974,E-bike,2012,08/12/2023
2975,Bicycle,2019,06/05/2023
2976,Walking,2018,18/11/2023
2977,E-bike,2019,14/07/2022
2978,Walking,2014,01/10/2022
2979,E-bike,2017,16/11/2022
2980,Walking,2013,23/12/2023
2981,Car,2018,12/04/2023
2982,Car,2016,29/11/2022
2983,E-bike,2015,05/09/2023
2984,Car,2012,21/11/2023
2985,E-bike,2017,21/02/2024
2986,E-bike,2023,25/04/2023
2987,Bicycle,2014,17/07/2023
2988,Car,2013,18/07/2022
2989,E-bike,2021,28/10/2022
2990,Car,2015,22/11/2022
2991,Walking,2018,24/04/2024
2992,Car,2021,07/01/2023
2993,Bicycle,2016,13/08/2022
2994,Scooter,2023,30/07/2022
2995,E-bike,2023,18/07/2023
2996,Bicycle,2018,05/07/2023
2997,Scooter,2017,23/03/2024
2998,E-bike,2019,05/09/2022
2999,Bicycle,2018,14/08/2022
3000,E-bike,2012,12/10/2022
3001,Car,2016,02/09/2022
3002,Car,2012,01/06/2023
3003,E-bike,2013,11/08/2022
3004,Bicycle,2017,18/09/2023
3005,Bicycle,2022,19/04/2024
3006,Bicycle,2015,24/07/2023
3007,Car,2022,11/02/2023
3008,Walking,2018,26/04/2024
3009,E-bike,2017,19/11/2022
3010,E-bike,2020,30/05/2023
3011,Walking,2015,26/09/2022
3012,Bicycle,2022,12/09/2022
3013,Bicycle,2013,05/07/2023
3014,Car,2012,27/05/2024
3015,E-bike,2021,21/04/2023
3016,Bicycle,2014,09/05/2023
3017,E-bike,2013,14/02/2024
3018,Car,2022,02/01/2024
3019,Walking,2020,15/01/2024
3020,Bicycle,2022,19/05/2023
3021,Bicycle,2012,14/06/2023
3022,Bicycle,2020,05/08/2022
3023,Scooter,2020,10/07/2022
3024,E-bike,2021,11/07/2022
3025,E-bike,2019,03/01/2023
3026,Scooter,2012,09/01/2023
3027,E-bike,2012,09/09/2023
3028,Bicycle,2016,24/02/2023
3029,Scooter,2013,30/08/2023
3030,Car,2013,13/06/2023
3031,Car,2016,15/10/2023
3032,Walking,2021,22/12/2022
3033,Car,2014,17/07/2022
3034,Bicycle,2019,25/03/2023
3035,Car,2017,14/01/2024
3036,E-bike,2015,25/02/2024
3037,Scooter,2017,04/08/2022
3038,E-bike,2023,06/01/2023
3039,Bicycle,2013,16/05/2024
3040,E-bike,2017,23/10/2022
3041,Car,2019,28/02/2024
3042,Car,2018,12/08/2022
3043,E-bike,2016,05/10/2023
3044,E-bike,2020,17/08/2023
3045,Walking,2015,01/12/2022
3046,E-bike,2013,09/04/2023
3047,E-bike,2021,08/06/2023
3048,E-bike,2016,24/08/2023
3049,E-bike,2017,05/12/2023
3050,Scooter,2018,18/04/2024
3051,Bicycle,2014,26/09/2022
3052,Walking,2013,07/01/2024
3053,Bicycle,2014,17/09/2022
3054,Bicycle,2018,16/04/2024
3055,E-bike,2014,18/04/2023
3056,Car,2022,23/01/2024
3057,E-bike,2023,20/09/2023
3058,Walking,2023,28/01/2024
3059,Car,2012,05/02/2023
3060,Scooter,2014,26/05/2024
3061,Scooter,2021,04/02/2024
3062,Car,2012,20/07/2023
3063,Car,2018,04/03/2024
3064,Car,2021,09/12/2023
3065,E-bike,2015,17/07/2023
3066,E-bike,2022,23/12/2022
3067,E-bike,2021,23/01/2023
3068,Scooter,2020,08/11/2023
3069,Bicycle,2013,26/05/2024
3070,E-bike,2014,02/09/2023
3071,Bicycle,2021,02/04/2024
3072,Car,2016,31/12/2023
3073,E-bike,2020,16/07/2022
3074,E-bike,2018,18/02/2024
3075,Bicycle,2019,05/10/2023
3076,E-bike,2021,12/08/2023
3077,Bicycle,2018,01/06/2023
3078,Scooter,2014,14/02/2023
3079,Scooter,2019,03/12/2023
3080,Scooter,2014,27/04/2023
3081,Walking,2022,10/07/2023
3082,E-bike,2015,09/12/2022
3083,E-bike,2018,05/03/2024
3084,E-bike,2020,13/08/2022
3085,Bicycle,2022,05/07/2022
3086,E-bike,2016,26/11/2022
3087,Car,2015,14/08/2023
3088,E-bike,2014,10/04/2024
3089,Car,2018,26/07/2023
3090,Bicycle,2019,03/01/2023
3091,Car,2012,15/06/2023
3092,Car,2012,24/10/2022
3093,Car,2014,25/02/2023
3094,Scooter,2023,21/11/2023
3095,Bicycle,2014,20/12/2022
3096,E-bike,2021,30/04/2023
3097,E-bike,2019,25/11/2023
3098,Bicycle,2022,04/06/2023
3099,Scooter,2022,24/09/2022
3100,Walking,2015,06/03/2023
3101,Car,2019,29/04/2023
3102,Car,2020,05/08/2023
3103,Bicycle,2012,21/11/2023
3104,E-bike,2014,12/08/2023
3105,Scooter,2016,14/08/2022
3106,E-bike,2021,03/10/2023
3107,Car,2018,30/03/2023
3108,Scooter,2015,02/02/2023
3109,Bicycle,2017,16/10/2023
3110,E-bike,2023,18/01/2023
3111,E-bike,2017,10/07/2022
3112,Bicycle,2017,02/12/2022
3113,Scooter,2023,10/01/2024
3114,Bicycle,2014,28/12/2023
3115,E-bike,2012,21/05/2024
3116,Car,2014,25/12/2022
3117,E-bike,2022,01/03/2024
3118,Scooter,2017,30/10/2023
3119,Bicycle,2020,10/05/2024
3120,E-bike,2020,10/05/2023
3121,Bicycle,2015,23/01/2024
3122,E-bike,2022,29/07/2022
3123,Car,2012,10/03/2023
3124,E-bike,2022,01/01/2023
3125,Scooter,2023,29/10/2023
3126,Bicycle,2012,23/01/2024
3127,Car,2014,29/07/2023
3128,Scooter,2019,17/04/2024
3129,E-bike,2015,12/01/2024
3130,Walking,2018,09/11/2023
3131,Car,2018,27/12/2022
3132,Scooter,2021,02/04/2023
3133,Car,2015,12/01/2024
3134,Car,2016,23/10/2022
3135,Car,2012,24/09/2022
3136,E-bike,2016,14/06/2023
3137,Bicycle,2023,15/01/2023
3138,Bicycle,2017,20/03/2024
3139,Scooter,2016,16/04/2024
3140,Bicycle,2023,15/03/2024
3141,E-bike,2021,24/05/2024
3142,E-bike,2017,19/07/2023
3143,Scooter,2022,09/04/2023
3144,E-bike,2012,15/12/2023
3145,Bicycle,2023,08/04/2024
3146,Car,2019,15/05/2024
3147,E-bike,2014,27/07/2022
3148,E-bike,2019,10/09/2022
3149,Bicycle,2020,14/01/2023
3150,Car,2021,22/07/2023
3151,Scooter,2017,16/05/2024
3152,Bicycle,2022,31/01/2023
3153,E-bike,2015,10/05/2023
3154,Scooter,2016,25/03/2024
3155,Scooter,2012,13/04/2024
3156,Walking,2023,17/03/2023
3157,Car,2016,24/01/2024
3158,E-bike,2015,14/06/2023
3159,Walking,2021,21/09/2022
3160,E-bike,2020,30/11/2023
3161,Bicycle,2023,30/10/2022
3162,Bicycle,2014,06/07/2022
3163,Car,2023,26/08/2023
3164,Scooter,2015,10/03/2023
3165,E-bike,2021,04/10/2023
3166,Bicycle,2013,12/11/2022
3167,Bicycle,2015,16/10/2022
3168,E-bike,2014,21/09/2023
3169,Car,2022,06/06/2023
3170,E-bike,2014,15/11/2023
3171,Bicycle,2016,22/08/2023
3172,Car,2016,08/04/2023
3173,Car,2015,22/12/2023
3174,Car,2022,25/08/2023
3175,Car,2015,14/08/2022
3176,Scooter,2023,27/09/2023
3177,Bicycle,2016,15/07/2023
3178,Bicycle,2022,08/04/2024
3179,Walking,2021,01/11/2023
3180,E-bike,2020,06/10/2022
3181,Scooter,2015,17/12/2023
3182,E-bike,2015,13/08/2023
3183,Car,2022,03/08/2022
3184,Bicycle,2019,17/01/2023
3185,Scooter,2017,29/04/2023
3186,Car,2015,29/03/2023
3187,Bicycle,2019,14/07/2023
3188,E-bike,2019,11/10/2023
3189,E-bike,2019,11/09/2022
3190,Car,2020,20/01/2024
3191,Scooter,2021,28/10/2022
3192,E-bike,2022,01/02/2023
3193,E-bike,2017,17/07/2023
3194,Bicycle,2017,13/05/2024
3195,Bicycle,2019,29/08/2022
3196,E-bike,2014,12/11/2022
3197,Scooter,2023,04/06/2023
3198,Bicycle,2012,18/12/2022
3199,Walking,2017,18/04/2023
3200,Bicycle,2019,02/12/2023
3201,E-bike,2017,27/02/2023
3202,Bicycle,2012,02/08/2022
3203,Bicycle,2012,24/11/2023
3204,E-bike,2022,01/08/2022
3205,E-bike,2014,10/04/2024
3206,Bicycle,2022,12/04/2023
3207,Scooter,2020,16/03/2023
3208,Bicycle,2015,18/09/2023
3209,E-bike,2019,12/08/2022
3210,Scooter,2017,15/03/2024
3211,E-bike,2018,11/07/2022
3212,E-bike,2016,20/07/2023
3213,Scooter,2020,01/02/2023
3214,E-bike,2018,06/05/2023
3215,Scooter,2012,16/10/2023
3216,Car,2016,12/01/2023
3217,Bicycle,2017,21/06/2023
3218,Car,2022,07/01/2024
3219,Bicycle,2018,07/05/2023
3220,E-bike,2013,12/07/2022
3221,Walking,2017,22/08/2022
3222,E-bike,2023,31/01/2024
3223,Car,2019,25/02/2024
3224,Scooter,2013,29/11/2022
3225,Walking,2015,19/02/2024
3226,Car,2015,22/05/2024
3227,Car,2012,08/02/2024
3228,E-bike,2015,28/06/2023
3229,Car,2019,27/10/2022
3230,Scooter,2019,22/12/2022
3231,Bicycle,2016,28/09/2022
3232,E-bike,2022,13/06/2023
3233,Bicycle,2012,16/10/2022
3234,E-bike,2022,20/05/2024
3235,Bicycle,2013,08/01/2024
3236,Car,2019,28/07/2022
3237,Scooter,2017,14/02/2024
3238,Car,2016,11/02/2023
3239,E-bike,2015,11/11/2023
3240,Walking,2015,20/03/2023
3241,Car,2021,01/04/2023
3242,Scooter,2016,23/10/2022
3243,Car,2013,30/03/2024
3244,Car,2022,23/11/2023
3245,Walking,2020,21/12/2023
3246,Car,2014,11/01/2024
3247,Scooter,2016,09/06/2023
3248,E-bike,2014,02/01/2023
3249,Car,2012,23/11/2023
3250,Bicycle,2020,25/03/2024
3251,E-bike,2018,19/02/2023
3252,Car,2016,21/11/2022
3253,Car,2015,12/12/2023
3254,Car,2012,18/08/2023
3255,Car,2015,11/09/2023
3256,Walking,2012,29/01/2024
3257,Bicycle,2019,24/11/2023
3258,Car,2022,06/05/2023
3259,Scooter,2023,10/02/2023
3260,Car,2013,29/06/2023
3261,Car,2016,13/07/2023
3262,Scooter,2012,13/09/2022
3263,Car,2020,23/02/2023
3264,E-bike,2016,21/01/2024
3265,Walking,2021,15/10/2023
3266,Bicycle,2021,21/02/2024
3267,Car,2018,25/04/2023
3268,Walking,2016,01/09/2023
3269,Car,2014,26/06/2023
3270,E-bike,2016,09/09/2023
3271,E-bike,2014,29/08/2022
3272,Bicycle,2015,28/05/2023
3273,Walking,2018,19/05/2023
3274,Bicycle,2017,27/01/2024
3275,Car,2019,12/03/2024
3276,E-bike,2012,14/08/2023
3277,Bicycle,2022,25/10/2022
3278,E-bike,2013,05/10/2022
3279,Car,2020,06/03/2024
3280,Bicycle,2020,06/02/2023
3281,E-bike,2012,19/02/2023
3282,Car,2020,17/01/2023
3283,Car,2015,18/04/2023
3284,Scooter,2021,14/03/2023
3285,Walking,2016,25/03/2023
3286,Car,2017,17/05/2024
3287,E-bike,2017,09/09/2022
3288,Bicycle,2021,02/08/2023
3289,Car,2016,16/04/2023
3290,Bicycle,2021,22/05/2024
3291,E-bike,2012,30/11/2022
3292,Bicycle,2020,21/01/2024
3293,E-bike,2020,04/09/2022
3294,Walking,2015,11/08/2022
3295,Scooter,2017,15/03/2024
3296,Car,2022,16/11/2023
3297,E-bike,2023,24/12/2023
3298,Scooter,2021,25/07/2022
3299,Bicycle,2015,23/11/2023
3300,E-bike,2015,24/08/2022
3301,Bicycle,2013,14/08/2023
3302,Walking,2014,29/09/2023
3303,E-bike,2016,19/03/2024
3304,Scooter,2016,29/05/2023
3305,E-bike,2022,13/07/2023
3306,E-bike,2014,24/07/2023
3307,Bicycle,2017,10/02/2023
3308,Scooter,2014,30/08/2023
3309,E-bike,2020,27/05/2024
3310,Scooter,2013,07/06/2023
3311,Walking,2020,08/09/2022
3312,Car,2013,06/03/2023
3313,Car,2016,11/11/2022
3314,E-bike,2020,31/07/2023
3315,Car,2018,11/10/2022
3316,Bicycle,2019,04/10/2022
3317,Bicycle,2020,15/01/2024
3318,Walking,2016,10/09/2022
3319,Bicycle,2014,18/03/2024
3320,Scooter,2020,08/12/2022
3321,Bicycle,2017,28/11/2023
3322,E-bike,2012,26/05/2023
3323,Bicycle,2020,12/02/2024
3324,Scooter,2019,02/02/2024
3325,E-bike,2017,27/12/2022
3326,Scooter,2017,16/03/2023
3327,Bicycle,2020,17/09/2023
3328,E-bike,2018,24/05/2023
3329,Car,2012,14/04/2024
3330,Scooter,2016,20/12/2023
3331,Car,2021,07/11/2023
3332,Car,2014,27/12/2022
3333,Walking,2023,17/09/2022
3334,Scooter,2020,26/05/2024
3335,Bicycle,2017,13/09/2023
3336,E-bike,2023,17/03/2024
3337,Bicycle,2019,18/01/2023
3338,Car,2016,10/08/2022
3339,Car,2019,23/08/2022
3340,Bicycle,2013,06/08/2023
3341,Scooter,2020,20/10/2022
3342,Car,2012,21/02/2024
3343,Bicycle,2022,03/11/2022
3344,Car,2013,07/02/2024
3345,Scooter,2015,20/05/2023
3346,E-bike,2017,03/12/2023
3347,Walking,2020,12/05/2024
3348,Scooter,2022,17/11/2022
3349,Car,2016,28/03/2023
3350,Scooter,2023,18/04/2024
3351,Car,2020,26/03/2023
3352,Car,2021,30/07/2023
3353,Car,2019,02/01/2024
3354,Car,2019,07/12/2022
3355,Car,2016,29/03/2023
3356,Car,2013,27/02/2023
3357,Car,2021,11/12/2022
3358,E-bike,2014,14/04/2024
3359,E-bike,2023,24/08/2023
3360,Bicycle,2022,31/05/2023
3361,E-bike,2023,21/03/2023
3362,Bicycle,2012,13/09/2023
3363,E-bike,2016,16/09/2022
3364,E-bike,2022,11/07/2023
3365,Car,2014,03/03/2023
3366,Scooter,2022,28/07/2022
3367,Car,2017,29/04/2023
3368,Car,2022,04/04/2024
3369,Walking,2022,06/10/2022
3370,E-bike,2016,19/04/2024
3371,Walking,2015,12/08/2023
3372,Car,2013,28/03/2023
3373,Bicycle,2012,23/11/2023
3374,Car,2020,13/01/2024
3375,Car,2016,29/01/2023
3376,E-bike,2018,10/11/2022
3377,Car,2018,04/07/2022
3378,Walking,2015,18/04/2023
3379,Scooter,2013,02/10/2023
3380,Car,2014,15/01/2024
3381,Scooter,2012,02/02/2023
3382,Car,2016,17/01/2024
3383,Car,2016,04/07/2022
3384,Car,2014,23/07/2023
3385,Bicycle,2014,05/08/2022
3386,Car,2022,28/01/2024
3387,Scooter,2018,18/09/2023
3388,E-bike,2019,27/12/2023
3389,E-bike,2019,22/01/2023
3390,Car,2016,25/09/2023
3391,E-bike,2023,11/12/2022
3392,E-bike,2019,19/02/2023
3393,Walking,2019,19/11/2022
3394,Bicycle,2020,10/10/2022
3395,Scooter,2017,08/05/2023
3396,Bicycle,2017,20/01/2023
3397,E-bike,2023,20/03/2024
3398,Scooter,2021,28/08/2022
3399,Scooter,2016,05/01/2023
3400,Car,2020,21/07/2022
3401,E-bike,2016,18/10/2023
3402,Car,2014,14/01/2023
3403,E-bike,2020,05/01/2024
3404,Car,2015,07/05/2023
3405,Car,2022,09/03/2023
3406,E-bike,2016,21/04/2023
3407,Car,2016,02/10/2023
3408,E-bike,2021,02/06/2023
3409,Car,2021,01/05/2023
3410,Car,2012,11/12/2022
3411,Scooter,2019,16/09/2022
3412,Scooter,2021,23/09/2023
3413,E-bike,2017,15/08/2023
3414,Car,2013,20/05/2024
3415,Car,2020,02/04/2023
3416,Scooter,2019,26/08/2023
3417,E-bike,2023,11/12/2022
3418,Car,2019,15/04/2023
3419,Bicycle,2016,23/01/2023
3420,Scooter,2015,07/09/2023
3421,E-bike,2017,04/07/2023
3422,Scooter,2022,01/08/2023
3423,E-bike,2014,26/04/2024
3424,Bicycle,2022,23/04/2023
3425,Scooter,2013,04/04/2024
3426,Car,2019,17/05/2023
3427,E-bike,2016,05/01/2023
3428,Walking,2022,06/05/2024
3429,Scooter,2018,14/10/2023
3430,E-bike,2013,12/04/2023
3431,E-bike,2013,28/01/2024
3432,Scooter,2022,31/01/2023
3433,Bicycle,2013,06/05/2024
3434,Walking,2012,02/02/2024
3435,Walking,2018,26/11/2023
3436,Bicycle,2019,16/07/2022
3437,Car,2013,16/12/2023
3438,Walking,2021,21/10/2022
3439,E-bike,2012,24/10/2023
3440,E-bike,2015,27/04/2024
3441,E-bike,2018,17/12/2022
3442,E-bike,2018,27/12/2022
3443,Scooter,2022,26/02/2024
3444,Car,2015,13/04/2024
3445,Car,2012,16/10/2022
3446,Bicycle,2019,09/02/2024
3447,Bicycle,2021,08/10/2023
3448,Bicycle,2012,24/06/2023
3449,E-bike,2012,04/08/2022
3450,Bicycle,2013,01/09/2023
3451,Walking,2018,29/09/2023
3452,Car,2022,15/07/2022
3453,Scooter,2013,20/03/2024
3454,E-bike,2014,09/10/2022
3455,Car,2023,13/10/2022
3456,Bicycle,2022,20/09/2023
3457,Car,2015,01/10/2022
3458,Car,2014,14/09/2022
3459,E-bike,2016,12/04/2023
3460,Bicycle,2017,27/09/2023
3461,E-bike,2021,29/11/2023
3462,Bicycle,2023,15/12/2023
3463,Scooter,2020,05/04/2024
3464,Bicycle,2016,26/11/2023
3465,Bicycle,2020,05/03/2023
3466,Car,2021,10/05/2024
3467,E-bike,2014,29/09/2022
3468,Car,2013,15/02/2024
3469,Bicycle,2014,25/11/2023
3470,Bicycle,2013,28/02/2024
3471,E-bike,2021,11/09/2022
3472,Car,2023,29/02/2024
3473,Scooter,2018,03/07/2022
3474,Bicycle,2016,15/07/2023
3475,E-bike,2017,05/06/2023
3476,Bicycle,2012,03/07/2023
3477,Scooter,2012,30/03/2024
3478,Car,2019,18/07/2022
3479,E-bike,2014,23/09/2022
3480,E-bike,2021,27/06/2023
3481,Scooter,2014,21/09/2023
3482,Bicycle,2017,09/04/2023
3483,Scooter,2015,21/01/2024
3484,E-bike,2022,04/11/2023
3485,E-bike,2012,26/11/2023
3486,Car,2018,10/07/2022
3487,Car,2012,22/10/2022
3488,E-bike,2019,06/07/2022
3489,Car,2022,05/02/2023
3490,Bicycle,2021,31/01/2024
3491,E-bike,2018,06/12/2022
3492,E-bike,2022,07/12/2022
3493,Car,2021,05/04/2023
3494,Bicycle,2021,12/02/2024
3495,Scooter,2020,09/01/2023
3496,Car,2015,08/10/2023
3497,Car,2014,21/06/2023
3498,Bicycle,2014,12/11/2023
3499,E-bike,2016,31/03/2024
