driver_id,age,second_language,rating
1,35,no,3.93
2,37,Arabic,3.98
3,22,Arabic,4.19
4,65,no,4.2
5,58,no,4.2
6,62,no,5.0
7,37,no,4.51
8,47,Mandarin,3.97
9,42,no,4.4
10,43,no,4.64
11,48,no,4.19
12,42,no,4.29
13,57,no,4.65
14,23,no,3.98
15,30,no,4.16
16,62,no,4.76
17,62,no,4.33
18,59,Russian,4.11
19,38,no,4.32
20,42,no,4.14
21,22,no,3.8
22,34,Mandarin,4.58
23,55,Portuguese,4.89
24,37,French,4.45
25,43,Spanish,4.79
26,26,French,3.96
27,44,no,4.42
28,54,Arabic,4.39
29,47,French,4.42
30,47,no,4.33
31,63,no,4.33
32,32,no,3.97
33,35,no,4.68
34,50,French,4.83
35,43,no,4.67
36,67,Mandarin,4.03
37,23,Russian,4.37
38,26,no,4.9
39,37,no,4.1
40,42,Spanish,4.58
41,62,French,4.47
42,44,no,4.45
43,41,no,4.36
44,28,Spanish,4.21
45,41,Portuguese,5.0
46,45,no,3.68
47,48,no,4.54
48,49,Russian,4.9
49,41,no,4.6
50,28,no,3.69
51,28,Spanish,3.88
52,28,no,3.95
53,50,no,4.61
54,61,Spanish,4.53
55,62,Spanish,3.9
56,35,no,4.19
57,24,no,4.31
58,50,Spanish,4.43
59,22,Spanish,5.0
60,50,French,4.27
61,39,French,4.15
62,60,Spanish,4.03
63,50,Arabic,4.68
64,55,French,4.63
65,40,no,3.82
66,60,Portuguese,4.28
67,45,Arabic,4.32
68,50,no,4.7
69,37,no,5.0
70,42,Spanish,4.47
71,60,no,4.33
72,39,Mandarin,4.09
73,22,no,3.83
74,38,no,4.56
75,39,no,4.58
76,40,Arabic,4.54
77,24,no,4.81
78,27,Mandarin,4.47
79,36,no,4.47
80,40,no,4.22
81,22,no,4.07
82,39,no,3.75
83,36,Spanish,4.48
84,22,Mandarin,4.73
85,32,no,4.01
86,33,no,4.52
87,27,Mandarin,4.19
88,56,Mandarin,5.0
89,24,no,4.57
90,48,French,4.07
91,52,no,4.36
92,58,no,4.88
93,46,Spanish,3.75
94,46,Mandarin,4.25
95,56,French,4.4
96,61,no,5.0
97,30,no,4.08
98,58,Spanish,4.73
99,42,no,4.46
100,25,no,4.1
101,49,Spanish,4.49
102,66,no,4.2
103,27,no,4.31
104,21,no,3.68
105,64,Arabic,4.53
106,49,no,4.91
107,31,no,4.59
108,58,no,4.91
109,39,no,4.83
110,36,no,4.5
111,34,Spanish,4.68
112,49,no,4.32
113,27,no,3.77
114,38,no,4.26
115,35,no,4.35
116,23,no,4.88
117,56,Spanish,4.69
118,21,Spanish,3.96
119,66,Mandarin,4.03
120,25,no,4.07
121,37,Arabic,4.48
122,25,Mandarin,4.3
123,38,no,4.49
124,49,no,4.08
125,25,Mandarin,4.56
126,45,no,3.64
127,57,no,4.99
128,42,Spanish,3.96
129,26,no,4.5
130,53,Russian,4.27
131,29,no,4.51
132,21,no,4.45
133,41,no,4.44
134,33,no,4.53
135,22,Arabic,4.72
136,57,French,5.0
137,49,Portuguese,4.68
138,63,no,5.0
139,43,no,4.06
140,41,no,4.82
141,60,no,4.69
142,24,Arabic,4.2
143,37,no,4.36
144,58,no,4.48
145,34,no,4.56
146,62,French,4.45
147,34,no,4.49
148,40,Mandarin,4.66
149,63,Mandarin,3.39
150,32,French,5.0
151,66,no,4.18
152,23,no,4.03
153,33,no,4.1
154,48,Arabic,4.01
155,48,Russian,4.11
156,63,Spanish,4.21
157,66,no,4.16
158,52,no,4.65
159,52,Spanish,5.0
160,35,no,4.91
161,58,Spanish,4.93
162,51,French,4.56
163,22,no,4.4
164,60,no,4.69
165,37,no,4.05
166,43,no,4.04
167,43,Mandarin,4.62
168,59,no,4.85
169,33,no,4.49
170,39,no,3.75
171,22,no,4.23
172,37,Spanish,3.84
173,25,Spanish,4.27
174,48,no,4.33
175,62,no,4.12
176,42,no,4.71
177,63,no,4.6
178,66,no,4.7
179,23,Portuguese,3.9
180,45,no,4.21
181,45,no,4.89
182,39,no,4.7
183,60,French,4.67
184,39,no,4.85
185,23,Portuguese,4.81
186,46,no,4.37
187,30,French,5.0
188,37,Spanish,4.9
189,44,no,4.88
190,54,no,4.49
191,34,no,5.0
192,38,French,4.11
193,24,Arabic,5.0
194,39,no,4.6
195,48,no,4.87
196,49,no,4.07
197,34,no,4.62
198,23,Spanish,4.71
199,48,no,3.89
200,51,no,4.25
201,25,Arabic,3.81
202,44,Mandarin,4.4
203,25,French,4.17
204,42,no,4.31
205,51,Portuguese,5.0
206,54,Spanish,5.0
207,54,no,3.72
208,56,no,4.7
209,32,Arabic,4.94
210,60,no,4.12
211,37,French,4.49
212,38,Spanish,4.56
213,58,French,3.9
214,36,Mandarin,4.09
215,24,Portuguese,4.63
216,54,no,4.29
217,52,no,4.44
218,48,Mandarin,4.01
219,27,no,4.66
220,50,Spanish,4.74
221,30,Mandarin,4.41
222,47,no,4.84
223,44,French,4.23
224,57,no,4.74
225,66,Arabic,4.31
226,29,no,4.72
227,26,Spanish,3.94
228,47,Arabic,5.0
229,65,no,3.58
230,28,no,4.78
231,43,no,4.61
232,40,Spanish,4.76
233,35,no,4.81
234,52,no,4.8
235,34,Arabic,4.38
236,44,no,4.78
237,60,no,4.92
238,38,Spanish,4.38
239,21,no,5.0
240,62,no,4.57
241,33,Russian,4.09
242,57,Spanish,3.85
243,56,no,4.27
244,45,French,4.15
245,25,no,4.21
246,65,no,4.28
247,53,Spanish,4.03
248,40,no,4.46
249,61,no,4.38
250,58,Arabic,4.37
251,56,no,4.71
252,28,no,4.6
253,50,no,4.52
254,34,Mandarin,4.14
255,24,Mandarin,4.27
256,36,Arabic,4.2
257,25,no,3.74
258,25,French,4.44
259,55,Spanish,4.75
260,44,no,4.7
261,39,no,4.37
262,30,French,4.65
263,57,no,3.87
264,50,Spanish,4.3
265,48,no,4.2
266,29,no,5.0
267,26,Russian,4.37
268,26,French,4.41
269,22,no,5.0
270,66,Spanish,4.4
271,38,no,5.0
272,51,Mandarin,4.26
273,67,no,4.23
274,65,no,4.43
275,36,no,4.49
276,44,no,4.02
277,42,no,5.0
278,22,no,4.25
279,57,Russian,4.83
280,47,no,4.21
281,38,no,4.4
282,47,no,4.77
283,55,Spanish,4.12
284,21,no,3.83
285,51,no,4.09
286,61,Mandarin,5.0
287,55,no,4.29
288,50,Russian,4.52
289,25,no,4.65
290,56,Spanish,4.8
291,56,no,3.67
292,44,Mandarin,4.62
293,48,French,4.49
294,50,no,4.46
295,26,no,4.25
296,33,no,4.19
297,58,no,4.48
298,66,Russian,4.05
299,33,Spanish,4.25
300,39,Spanish,4.22
301,64,Portuguese,4.37
302,28,French,4.13
303,33,French,4.32
304,23,no,3.7
305,32,no,4.33
306,50,no,4.68
307,37,no,4.36
308,67,no,4.32
309,62,no,4.58
310,63,no,4.1
311,55,no,5.0
312,53,no,5.0
313,44,no,4.38
314,67,no,5.0
315,25,no,3.85
316,54,Mandarin,3.98
317,27,Mandarin,4.36
318,36,no,4.58
319,33,no,5.0
320,49,no,4.42
321,57,no,4.12
322,24,no,4.15
323,49,Russian,5.0
324,31,no,4.81
325,24,no,4.31
326,40,Mandarin,3.8
327,48,no,4.03
328,30,no,4.76
329,39,no,4.49
330,65,Portuguese,4.31
331,37,no,4.95
332,67,Spanish,5.0
333,60,French,4.38
334,38,no,4.44
335,48,Mandarin,4.35
336,54,no,4.49
337,42,no,4.0
338,40,no,3.78
339,36,Russian,3.75
340,27,no,4.88
341,22,no,3.76
342,36,Portuguese,5.0
343,58,no,4.04
344,31,Arabic,4.97
345,29,Spanish,4.24
346,36,Spanish,3.74
347,49,Mandarin,4.86
348,31,Mandarin,5.0
349,31,no,4.04
350,26,Russian,4.51
351,36,Portuguese,4.39
352,31,Arabic,4.65
353,60,Spanish,4.65
354,63,no,4.49
355,38,no,3.72
356,25,no,4.27
357,25,no,4.5
358,36,Spanish,4.15
359,42,Spanish,4.56
360,45,no,3.92
361,35,no,4.31
362,37,Spanish,4.89
363,34,no,4.22
364,45,Russian,4.82
365,53,Mandarin,4.52
366,23,no,4.6
367,43,no,4.18
368,51,Mandarin,4.65
369,52,no,4.48
370,47,French,4.06
371,45,no,4.51
372,53,no,4.54
373,38,no,5.0
374,47,Mandarin,4.34
375,36,Russian,3.8
376,41,Arabic,4.6
377,26,no,3.91
378,37,French,5.0
379,27,no,4.76
380,31,Spanish,4.16
381,40,Portuguese,4.28
382,44,no,4.11
383,65,Russian,4.38
384,22,no,4.46
385,63,no,4.79
386,36,no,4.99
387,55,Arabic,4.56
388,52,no,5.0
389,66,French,4.49
390,26,no,3.65
391,66,Mandarin,4.09
392,23,Spanish,5.0
393,62,no,4.24
394,51,Mandarin,4.44
395,43,Mandarin,4.31
396,39,no,3.94
397,25,no,3.91
398,58,no,4.44
399,55,Portuguese,4.53
400,65,Spanish,4.58
401,55,French,4.71
402,65,Mandarin,4.16
403,62,French,3.73
404,41,no,4.06
405,54,no,5.0
406,33,Spanish,4.92
407,58,no,4.64
408,49,no,4.21
409,41,Spanish,4.73
410,50,Arabic,4.06
411,34,Spanish,4.07
412,50,no,4.25
413,43,Russian,4.57
414,36,no,4.57
415,66,no,3.91
416,23,Russian,4.23
417,56,French,4.69
418,30,Portuguese,4.53
419,31,French,4.27
420,28,Spanish,4.43
421,25,no,4.3
422,26,no,4.26
423,60,Portuguese,4.31
424,64,Arabic,4.3
425,48,no,3.82
426,21,no,3.77
427,61,no,4.3
428,49,no,4.84
429,45,Arabic,4.29
430,65,no,4.66
431,40,no,4.71
432,37,Portuguese,3.76
433,57,no,4.37
434,45,no,5.0
435,54,no,4.73
436,53,no,3.78
437,60,no,4.7
438,35,no,4.0
439,24,no,4.47
440,43,no,4.41
441,51,no,4.66
442,59,no,4.34
443,33,Portuguese,4.65
444,56,no,4.22
445,60,no,4.26
446,58,Arabic,3.94
447,58,no,4.91
448,67,no,4.71
449,52,French,4.23
450,38,Spanish,5.0
451,41,no,4.27
452,56,Mandarin,4.39
453,32,Spanish,4.22
454,49,no,4.68
455,47,no,4.89
456,52,no,4.37
457,40,French,4.69
458,55,no,4.4
459,24,no,4.55
460,56,no,4.58
461,59,Portuguese,4.9
462,62,no,4.86
463,64,no,4.29
464,37,no,4.43
465,23,Spanish,4.46
466,51,no,4.08
467,25,Arabic,4.23
468,34,no,3.82
469,54,no,3.84
470,48,no,5.0
471,49,no,4.37
472,56,no,4.79
473,28,French,4.68
474,58,no,4.43
475,48,Mandarin,4.13
476,40,no,4.49
477,42,Spanish,5.0
478,44,no,5.0
479,46,no,4.58
480,36,no,3.95
481,31,Portuguese,4.0
482,28,Arabic,4.04
483,37,French,5.0
484,33,Arabic,5.0
485,45,no,4.19
486,63,no,4.67
487,26,no,4.94
488,35,Arabic,4.25
489,23,no,4.28
490,66,no,4.61
491,53,Spanish,4.12
492,32,no,3.92
493,40,Mandarin,4.03
494,54,no,4.97
495,66,Spanish,4.91
496,47,Arabic,4.69
497,33,Spanish,4.32
498,53,no,4.11
499,53,no,4.82
500,51,no,4.16
501,23,no,4.13
502,54,Spanish,4.67
503,21,no,4.05
504,63,no,4.34
505,62,no,4.35
506,47,Portuguese,4.48
507,51,no,4.23
508,24,no,4.5
509,62,no,3.82
510,33,no,4.88
511,33,Portuguese,4.46
512,54,no,4.94
513,65,Spanish,4.76
514,44,Spanish,4.34
515,44,French,4.22
516,46,Spanish,4.27
517,34,Mandarin,4.49
518,49,no,4.65
519,66,no,4.33
520,38,Mandarin,4.72
521,57,Spanish,3.4
522,57,no,4.27
523,60,no,4.78
524,55,no,4.47
525,64,no,4.15
526,54,no,4.35
527,66,no,3.11
528,54,no,3.79
529,60,Spanish,4.44
530,62,Mandarin,4.33
531,67,Spanish,4.33
532,48,Mandarin,3.64
533,54,no,3.93
534,66,no,4.67
535,38,Mandarin,4.54
536,26,French,4.31
537,62,Mandarin,4.19
538,50,Spanish,4.43
539,41,Mandarin,3.96
540,54,Mandarin,3.67
541,22,Mandarin,4.29
542,43,Mandarin,4.76
543,33,no,4.57
544,34,no,5.0
545,66,no,3.76
546,46,no,4.62
547,27,Mandarin,4.49
548,38,no,4.62
549,32,no,4.55
550,63,French,4.22
551,34,no,3.24
552,37,French,4.57
553,36,no,4.5
554,29,no,4.04
555,57,no,4.74
556,48,no,4.3
557,41,no,4.49
558,39,no,4.17
559,52,no,4.43
560,25,no,4.0
561,64,French,3.95
562,47,no,4.92
563,31,no,4.28
564,46,no,4.43
565,61,Portuguese,4.54
566,29,French,4.2
567,45,Russian,4.04
568,49,Portuguese,4.65
569,59,no,3.96
570,47,Mandarin,4.36
571,55,no,4.09
572,57,Arabic,4.73
573,62,no,4.81
574,37,no,4.46
575,54,Portuguese,4.05
576,32,French,4.26
577,60,Russian,4.06
578,65,no,4.33
579,34,no,3.49
580,47,no,3.83
581,59,no,4.86
582,22,no,4.38
583,54,no,4.43
584,59,French,4.19
585,61,no,4.02
586,30,Mandarin,4.58
587,56,Arabic,4.28
588,57,Spanish,5.0
589,21,no,4.29
590,54,no,4.6
591,50,no,3.79
592,66,Mandarin,4.07
593,23,no,4.18
594,66,no,3.96
595,47,Russian,4.59
596,33,Spanish,4.27
597,39,French,5.0
598,57,no,4.36
599,67,Portuguese,5.0
600,35,no,4.34
601,67,no,4.82
602,50,Arabic,4.57
603,30,Arabic,4.49
604,49,no,4.42
605,58,no,4.4
606,23,no,4.39
607,24,Mandarin,4.65
608,21,French,4.62
609,47,no,4.11
610,23,no,4.68
611,64,Spanish,4.6
612,27,Mandarin,4.7
613,24,no,4.33
614,33,Spanish,4.78
615,56,Russian,4.18
616,63,no,4.24
617,32,Spanish,4.39
618,45,Spanish,4.21
619,57,no,4.76
620,58,Arabic,4.08
621,28,Spanish,4.42
622,60,no,4.42
623,61,no,4.05
624,55,Mandarin,4.34
625,45,no,4.5
626,39,no,4.26
627,62,no,4.43
628,61,Spanish,4.0
629,45,Russian,5.0
630,55,Mandarin,4.2
631,39,French,4.15
632,55,no,4.31
633,25,no,4.87
634,63,Russian,4.65
635,45,no,3.94
636,49,French,4.85
637,29,no,4.25
638,45,no,4.73
639,21,Spanish,4.99
640,62,no,4.53
641,56,no,5.0
642,42,no,3.62
643,60,no,4.22
644,59,no,4.27
645,26,Arabic,5.0
646,23,no,4.71
647,32,French,4.95
648,21,Spanish,3.99
649,47,no,4.3
650,45,no,4.23
651,46,Portuguese,4.08
652,24,Spanish,4.86
653,64,Portuguese,4.21
654,66,no,4.52
655,48,Mandarin,4.67
656,21,French,3.74
657,39,Russian,4.5
658,54,no,4.41
659,56,Portuguese,4.4
660,32,no,4.15
661,59,French,4.17
662,66,no,4.21
663,44,Spanish,4.41
664,38,no,4.36
665,45,French,4.43
666,22,no,3.78
667,45,no,4.92
668,22,Spanish,4.34
669,22,Mandarin,4.2
670,47,no,3.94
671,45,Spanish,4.4
672,67,no,5.0
673,44,Spanish,4.35
674,67,Spanish,4.11
675,58,Mandarin,4.74
676,36,French,4.37
677,64,no,4.7
678,43,no,4.38
679,48,Spanish,5.0
680,25,no,4.17
681,30,no,4.8
682,45,French,4.13
683,33,no,3.93
684,49,no,4.8
685,24,Russian,4.43
686,32,no,5.0
687,52,no,4.66
688,49,no,4.78
689,67,no,5.0
690,63,Mandarin,4.01
691,59,French,3.85
692,21,Spanish,4.19
693,49,no,4.81
694,31,no,3.92
695,33,no,4.57
696,30,Spanish,4.73
697,42,Spanish,5.0
698,26,no,4.92
699,45,French,4.48
700,28,Mandarin,4.91
701,44,no,4.34
702,50,Spanish,4.19
703,29,Spanish,4.25
704,25,no,4.06
705,58,no,4.46
706,55,Spanish,4.66
707,33,Portuguese,3.9
708,62,Spanish,4.33
709,31,Spanish,4.25
710,64,Spanish,4.62
711,26,no,5.0
712,52,no,4.48
713,21,no,3.97
714,30,Arabic,4.05
715,40,French,4.84
716,25,Portuguese,4.22
717,42,no,4.88
718,31,no,5.0
719,25,Spanish,3.98
720,66,no,4.25
721,67,no,4.95
722,66,French,4.81
723,28,Spanish,3.63
724,38,Spanish,4.21
725,36,no,3.79
726,36,no,4.35
727,40,no,4.84
728,44,no,3.61
729,43,no,4.02
730,34,no,4.64
731,67,Russian,4.62
732,67,no,4.47
733,36,no,4.44
734,31,no,4.2
735,46,Mandarin,4.21
736,38,no,4.49
737,67,no,4.6
738,41,no,4.51
739,22,no,4.13
740,26,Spanish,4.68
741,24,no,4.11
742,38,no,3.87
743,35,French,4.76
744,61,no,4.59
745,62,Spanish,4.86
746,27,no,3.89
747,65,Spanish,5.0
748,48,no,4.6
749,35,no,4.29
750,40,no,4.47
751,41,Russian,4.6
752,29,no,3.71
753,61,Portuguese,5.0
754,21,Portuguese,4.11
755,24,no,4.73
756,33,no,4.21
757,27,no,4.76
758,23,Russian,4.26
759,39,Spanish,4.68
760,38,no,4.93
761,26,no,4.36
762,59,French,4.63
763,62,no,4.08
764,54,no,4.75
765,45,no,5.0
766,65,no,4.18
767,37,Arabic,4.77
768,41,French,4.45
769,21,no,4.21
770,54,no,4.61
771,25,French,4.1
772,52,no,4.19
773,57,no,4.63
774,31,no,4.32
775,49,Spanish,5.0
776,35,Russian,4.84
777,39,Spanish,4.71
778,45,no,4.17
779,32,Mandarin,4.05
780,58,no,5.0
781,39,Arabic,4.1
782,42,no,4.55
783,59,no,4.75
784,31,no,4.1
785,42,no,4.21
786,67,no,3.83
787,39,Spanish,4.22
788,26,Mandarin,4.13
789,34,French,5.0
790,65,no,4.3
791,56,no,4.32
792,59,no,4.22
793,32,no,4.5
794,60,no,4.15
795,39,Arabic,5.0
796,58,Russian,3.94
797,62,no,4.79
798,30,French,4.37
799,65,Spanish,4.23
800,50,no,4.2
801,55,Spanish,4.13
802,56,no,3.82
803,28,no,3.77
804,56,Russian,4.5
805,31,Spanish,4.22
806,33,no,3.95
807,26,no,4.23
808,29,Portuguese,4.16
809,67,no,4.62
810,36,Arabic,4.46
811,39,Arabic,4.95
812,43,no,4.87
813,54,Mandarin,4.89
814,47,Spanish,3.92
815,46,French,4.08
816,60,no,4.71
817,44,no,4.01
818,57,no,4.96
819,63,Spanish,4.4
820,52,French,5.0
821,22,Mandarin,4.67
822,33,Spanish,4.72
823,50,no,4.61
824,43,no,4.42
825,34,French,4.38
826,36,no,3.75
827,24,French,4.84
828,32,no,4.73
829,57,no,3.99
830,21,Portuguese,4.74
831,60,no,4.24
832,36,no,3.8
833,58,Spanish,5.0
834,33,Spanish,3.87
835,59,Portuguese,4.23
836,47,Arabic,4.91
837,61,Mandarin,4.51
838,23,no,4.6
839,58,no,4.57
840,33,Arabic,4.64
841,37,no,4.2
842,23,Russian,4.63
843,65,Spanish,4.14
844,51,no,5.0
845,67,no,3.97
846,47,Mandarin,4.45
847,28,no,3.98
848,36,no,4.27
849,41,Mandarin,4.41
850,27,no,4.53
851,64,no,4.69
852,66,Spanish,4.41
853,47,French,4.05
854,48,no,4.26
855,54,Portuguese,5.0
856,52,Portuguese,5.0
857,23,no,3.85
858,45,no,4.12
859,57,French,4.71
860,58,no,4.59
861,49,French,4.56
862,63,Spanish,5.0
863,48,no,4.14
864,38,Spanish,5.0
865,41,no,4.67
866,53,Portuguese,4.13
867,62,no,4.16
868,31,Portuguese,4.08
869,34,no,4.68
870,51,Mandarin,4.66
871,56,Portuguese,3.94
872,39,no,4.05
873,51,no,4.71
874,21,French,4.21
875,34,French,4.35
876,65,no,4.74
877,48,no,4.3
878,61,French,4.42
879,31,no,5.0
880,34,Spanish,5.0
881,66,no,4.03
882,67,no,4.15
883,62,French,3.52
884,35,no,4.5
885,58,Portuguese,4.8
886,42,Spanish,4.37
887,60,no,3.86
888,61,no,3.95
889,41,no,4.51
890,35,French,4.26
891,66,Spanish,4.54
892,42,French,4.64
893,41,no,4.76
894,52,no,4.54
895,65,no,4.53
896,27,French,3.57
897,67,no,4.22
898,40,no,4.41
899,22,no,4.63
900,35,no,4.59
901,42,Spanish,4.2
902,52,Spanish,4.18
903,47,Russian,3.7
904,27,no,4.6
905,43,Spanish,4.47
906,31,no,5.0
907,33,French,4.24
908,54,Spanish,5.0
909,58,no,4.56
910,28,French,3.7
911,49,no,4.35
912,40,no,4.49
913,36,no,4.54
914,54,no,4.91
915,32,Arabic,4.84
916,56,Mandarin,4.51
917,39,Mandarin,4.24
918,25,Arabic,3.84
919,58,French,4.42
920,61,no,4.72
921,47,no,3.96
922,55,no,4.4
923,27,Portuguese,4.36
924,36,Portuguese,4.06
925,37,Mandarin,4.57
926,56,no,4.44
927,37,no,5.0
928,55,Arabic,4.56
929,35,no,4.71
930,49,Spanish,4.55
931,30,no,3.66
932,47,no,4.49
933,24,Spanish,4.32
934,55,Portuguese,4.48
935,22,French,4.15
936,67,no,4.82
937,60,no,4.86
938,48,Arabic,4.75
939,63,Spanish,5.0
940,59,no,5.0
941,27,Spanish,3.55
942,55,no,3.89
943,38,no,3.93
944,61,Arabic,4.42
945,61,Spanish,4.17
946,65,no,4.42
947,42,no,4.18
948,30,Russian,4.57
949,26,Spanish,4.06
950,28,Spanish,3.89
951,67,no,4.15
952,48,Russian,4.63
953,37,Arabic,4.53
954,42,no,4.12
955,29,no,3.54
956,47,Mandarin,4.76
957,41,French,4.14
958,58,French,4.36
959,21,Russian,3.64
960,64,Spanish,3.76
961,23,no,3.82
962,40,no,4.33
963,37,French,4.09
964,54,no,4.8
965,51,no,4.37
966,30,Mandarin,5.0
967,44,no,3.91
968,46,French,4.66
969,42,no,4.34
970,22,no,4.31
971,29,no,4.35
972,44,Mandarin,4.67
973,33,Mandarin,4.47
974,46,no,4.92
975,28,no,3.85
976,55,no,4.17
977,29,Mandarin,5.0
978,51,Russian,4.74
979,60,French,4.78
980,37,no,4.73
981,27,Spanish,3.7
982,21,no,4.7
983,37,no,4.73
984,26,no,4.01
985,62,no,5.0
986,66,no,4.65
987,67,French,3.78
988,64,no,4.56
989,48,Mandarin,4.32
990,36,Portuguese,5.0
991,41,Spanish,4.35
992,33,no,4.18
993,60,Mandarin,5.0
994,41,no,4.43
995,39,no,4.2
996,53,no,4.55
997,38,French,4.69
998,37,French,4.52
999,31,French,4.3
1000,24,Mandarin,4.25
1001,22,no,3.68
1002,39,French,3.77
1003,67,Arabic,4.65
1004,33,no,3.92
1005,51,Russian,4.1
1006,36,Arabic,3.92
1007,35,no,3.54
1008,28,no,4.32
1009,47,no,4.26
1010,51,French,4.57
1011,37,no,4.27
1012,45,no,4.16
1013,43,Spanish,4.5
1014,33,Arabic,4.28
1015,53,French,4.58
1016,47,Mandarin,5.0
1017,24,no,4.37
1018,44,no,3.82
1019,39,Spanish,4.07
1020,58,no,4.47
1021,35,Spanish,4.33
1022,65,Russian,4.03
1023,49,Spanish,4.39
1024,27,Spanish,5.0
1025,39,Spanish,4.23
1026,62,French,4.44
1027,32,no,3.84
1028,54,no,4.82
1029,57,no,4.7
1030,53,Spanish,4.63
1031,25,no,4.7
1032,38,no,4.23
1033,37,Mandarin,4.22
1034,37,no,5.0
1035,62,Spanish,4.86
1036,21,no,3.35
1037,46,no,4.96
1038,67,no,4.17
1039,62,no,4.76
1040,49,Russian,4.5
1041,67,Russian,3.95
1042,39,Mandarin,4.53
1043,49,Spanish,4.51
1044,46,French,4.42
1045,23,Arabic,4.55
1046,22,no,4.89
1047,63,no,4.63
1048,29,Mandarin,4.35
1049,37,Russian,4.69
1050,50,no,5.0
1051,48,no,4.71
1052,45,no,4.62
1053,67,no,4.67
1054,57,Mandarin,4.59
1055,65,no,4.4
1056,51,Portuguese,5.0
1057,67,French,4.09
1058,49,no,4.62
1059,46,French,4.37
1060,59,French,3.78
1061,61,no,4.26
1062,24,no,4.02
1063,63,French,4.67
1064,53,no,4.2
1065,63,no,3.98
1066,54,no,5.0
1067,64,no,4.46
1068,33,Spanish,5.0
1069,29,no,4.3
1070,30,Spanish,4.23
1071,32,no,4.63
1072,31,French,4.12
1073,41,no,4.51
1074,30,Portuguese,4.6
1075,28,Arabic,4.05
1076,45,no,4.69
1077,58,Spanish,4.06
1078,27,no,4.25
1079,45,French,4.72
1080,51,Spanish,5.0
1081,54,no,4.38
1082,25,no,4.4
1083,55,no,4.39
1084,22,French,4.48
1085,32,French,4.28
1086,36,no,4.27
1087,61,no,4.55
1088,30,no,4.31
1089,57,Spanish,4.23
1090,67,no,4.59
1091,66,no,4.57
1092,35,Arabic,4.07
1093,25,no,4.87
1094,31,Mandarin,4.75
1095,57,no,4.25
1096,30,no,4.83
1097,51,Spanish,4.55
1098,38,no,4.65
1099,57,no,4.36
1100,49,Russian,4.34
1101,48,Arabic,3.81
1102,57,Mandarin,4.63
1103,65,no,4.37
1104,38,no,4.74
1105,45,no,4.44
1106,50,Portuguese,4.3
1107,59,French,4.92
1108,43,no,4.73
1109,38,Russian,4.58
1110,60,no,4.64
1111,65,Spanish,4.86
1112,47,no,3.9
1113,25,no,4.52
1114,34,Portuguese,4.15
1115,42,Arabic,4.73
1116,54,no,4.13
1117,52,no,4.2
1118,59,Spanish,4.4
1119,22,no,4.37
1120,42,Spanish,4.06
1121,53,Spanish,3.58
1122,67,no,4.6
1123,27,no,3.55
1124,62,no,4.63
1125,21,Portuguese,5.0
1126,30,no,4.67
1127,60,Spanish,5.0
1128,57,no,4.59
1129,66,Mandarin,5.0
1130,49,no,4.27
1131,49,no,3.66
1132,46,Mandarin,4.45
1133,45,Mandarin,5.0
1134,45,no,4.29
1135,34,no,4.22
1136,61,Portuguese,4.79
1137,37,no,4.57
1138,49,no,4.44
1139,52,no,5.0
1140,46,no,4.38
1141,49,Spanish,4.73
1142,23,Mandarin,4.45
1143,35,no,3.97
1144,42,Spanish,4.04
1145,39,no,4.56
1146,63,Mandarin,4.3
1147,63,no,4.63
1148,54,no,3.78
1149,37,Spanish,4.64
1150,23,no,4.29
1151,56,no,4.6
1152,62,no,4.85
1153,44,Mandarin,4.08
1154,59,no,4.37
1155,64,Mandarin,4.53
1156,46,French,4.26
1157,30,Spanish,5.0
1158,22,no,4.7
1159,56,French,4.5
1160,47,no,5.0
1161,28,Arabic,4.37
1162,23,Mandarin,4.33
1163,66,no,4.76
1164,36,French,3.69
1165,36,no,4.4
1166,50,no,4.78
1167,38,no,4.02
1168,63,Spanish,4.66
1169,53,Mandarin,4.52
1170,37,Arabic,4.29
1171,33,no,4.78
1172,61,Spanish,4.49
1173,48,Spanish,4.39
1174,64,Spanish,4.69
1175,37,no,5.0
1176,21,no,4.67
1177,63,Mandarin,4.26
1178,32,no,3.84
1179,60,no,3.72
1180,54,no,4.44
1181,31,no,4.38
1182,56,no,4.21
1183,24,no,4.31
1184,39,Mandarin,4.16
1185,37,Russian,4.32
1186,51,no,4.6
1187,46,no,4.95
1188,49,French,4.04
1189,43,no,4.54
1190,55,Russian,3.64
1191,28,Spanish,3.77
1192,54,no,4.13
1193,23,no,4.65
1194,25,no,4.12
1195,55,French,4.22
1196,28,no,4.23
1197,57,Arabic,4.39
1198,27,Mandarin,3.97
1199,27,Arabic,5.0
1200,64,Arabic,4.57
1201,29,no,4.37
1202,63,no,4.25
1203,37,French,4.82
1204,58,no,4.87
1205,65,no,4.76
1206,26,no,4.18
1207,36,no,4.62
1208,47,Arabic,4.6
1209,61,no,4.77
1210,29,Spanish,4.31
1211,29,Russian,4.34
1212,38,no,4.95
1213,30,Mandarin,4.9
1214,33,no,5.0
1215,27,no,4.46
1216,59,no,4.31
1217,58,no,3.22
1218,27,no,3.86
1219,46,no,3.97
1220,51,no,3.76
1221,50,no,4.66
1222,67,Spanish,4.08
1223,51,no,4.17
1224,53,French,4.54
1225,22,Portuguese,4.86
1226,24,Mandarin,4.14
1227,50,Spanish,4.8
1228,63,Spanish,4.69
1229,39,Spanish,4.82
1230,51,Portuguese,4.64
1231,30,Russian,4.3
1232,42,no,3.53
1233,56,Spanish,4.51
1234,52,French,4.26
1235,26,no,4.41
1236,62,no,4.11
1237,64,Spanish,4.71
1238,43,Mandarin,4.22
1239,37,no,4.0
1240,45,no,4.33
1241,58,no,4.95
1242,42,Spanish,4.68
1243,22,Portuguese,4.63
1244,24,Arabic,3.77
1245,59,no,3.98
1246,57,no,4.23
1247,57,French,4.43
1248,26,Mandarin,4.37
1249,29,no,4.29
1250,39,no,4.47
1251,31,no,4.04
1252,39,French,4.25
1253,47,Spanish,5.0
1254,34,no,3.98
1255,26,Portuguese,4.39
1256,39,Spanish,5.0
1257,54,Portuguese,4.45
1258,50,no,4.63
1259,36,no,4.81
1260,35,Portuguese,4.32
1261,48,Portuguese,4.25
1262,29,Russian,4.06
1263,60,French,3.78
1264,61,no,4.52
1265,22,no,4.12
1266,66,no,4.53
1267,22,Portuguese,4.62
1268,42,no,4.96
1269,52,Mandarin,4.82
1270,36,Portuguese,4.95
1271,30,Russian,4.57
1272,23,Portuguese,4.2
1273,55,Spanish,3.74
1274,22,no,4.74
1275,43,Russian,4.23
1276,39,no,4.78
1277,66,no,4.62
1278,64,Russian,4.1
1279,59,Spanish,4.23
1280,55,no,5.0
1281,46,no,4.85
1282,37,no,4.27
1283,28,Portuguese,4.11
1284,66,Spanish,4.84
1285,39,no,4.42
1286,41,Spanish,5.0
1287,27,Arabic,4.76
1288,34,Portuguese,3.93
1289,50,no,4.72
1290,41,Spanish,4.55
1291,48,no,4.42
1292,30,no,4.03
1293,24,no,5.0
1294,62,no,5.0
1295,41,Spanish,4.26
1296,37,no,4.09
1297,34,no,4.47
1298,51,no,3.75
1299,47,no,4.56
1300,39,Mandarin,4.9
1301,64,no,4.12
1302,63,no,4.1
1303,30,Russian,4.45
1304,51,no,4.25
1305,66,Arabic,4.08
1306,43,Spanish,3.98
1307,22,Mandarin,4.06
1308,27,Spanish,4.8
1309,52,no,4.27
1310,63,French,4.2
1311,27,French,5.0
1312,46,no,4.05
1313,44,Mandarin,4.64
1314,34,no,4.76
1315,50,Arabic,4.9
1316,62,French,3.96
1317,32,no,4.28
1318,23,Arabic,4.36
1319,37,Russian,5.0
1320,35,Mandarin,4.48
1321,55,no,3.88
1322,46,French,4.72
1323,21,Spanish,4.68
1324,36,no,4.93
1325,55,Arabic,4.22
1326,43,Spanish,4.33
1327,47,Arabic,4.69
1328,33,Spanish,4.82
1329,36,no,4.2
1330,27,Russian,4.22
1331,24,Spanish,4.26
1332,22,no,5.0
1333,50,no,4.26
1334,28,no,4.75
1335,47,Spanish,4.6
1336,65,no,4.51
1337,53,Portuguese,3.88
1338,48,Russian,3.28
1339,26,Mandarin,4.91
1340,43,no,4.33
1341,62,Mandarin,4.68
1342,39,no,4.05
1343,59,French,4.28
1344,54,no,5.0
1345,33,Portuguese,5.0
1346,27,no,4.42
1347,21,no,4.75
1348,33,Russian,4.7
1349,36,no,4.34
1350,51,Arabic,4.86
1351,47,Portuguese,4.71
1352,43,no,4.8
1353,54,no,4.82
1354,57,Spanish,4.36
1355,54,French,5.0
1356,63,Russian,4.31
1357,37,no,4.31
1358,59,Mandarin,4.97
1359,40,no,4.81
1360,29,Spanish,4.94
1361,27,French,2.9
1362,25,Arabic,4.66
1363,65,no,4.65
1364,28,no,4.66
1365,60,no,4.83
1366,57,no,4.43
1367,41,no,4.46
1368,63,Arabic,4.64
1369,63,no,5.0
1370,64,no,4.74
1371,44,Mandarin,4.5
1372,35,no,4.47
1373,23,no,4.83
1374,60,Portuguese,4.98
1375,62,no,4.04
1376,46,no,4.74
1377,24,Spanish,4.18
1378,59,no,5.0
1379,35,no,4.81
1380,46,no,4.01
1381,51,no,5.0
1382,27,Arabic,3.74
1383,23,no,4.75
1384,24,no,4.11
1385,66,no,4.99
1386,65,Russian,4.58
1387,41,no,4.22
1388,41,Arabic,4.56
1389,40,no,4.06
1390,37,Portuguese,4.47
1391,46,no,4.08
1392,37,no,3.91
1393,49,no,4.49
1394,38,no,4.68
1395,50,Mandarin,4.2
1396,65,Spanish,3.71
1397,30,Spanish,4.53
1398,23,no,4.53
1399,45,Mandarin,4.51
1400,26,no,4.35
1401,31,Russian,4.98
1402,58,Mandarin,4.83
1403,40,Spanish,5.0
1404,46,Arabic,5.0
1405,57,Spanish,3.82
1406,27,Spanish,3.79
1407,43,no,4.33
1408,22,Spanish,4.56
1409,44,no,4.61
1410,31,no,4.36
1411,63,French,4.5
1412,33,no,4.44
1413,30,Spanish,4.15
1414,21,no,4.19
1415,27,no,4.82
1416,31,Arabic,4.27
1417,31,no,3.9
1418,55,Spanish,4.6
1419,62,Spanish,4.4
1420,61,Arabic,4.95
1421,65,no,3.98
1422,63,French,3.94
1423,42,no,4.7
1424,39,no,4.49
1425,51,no,3.91
1426,36,no,5.0
1427,49,no,5.0
1428,67,no,4.32
1429,30,no,4.72
1430,57,Spanish,3.54
1431,64,no,4.77
1432,46,no,4.03
1433,37,no,4.57
1434,32,no,3.73
1435,28,Spanish,4.6
1436,36,Arabic,4.27
1437,56,Spanish,4.63
1438,45,Spanish,5.0
1439,31,no,4.44
1440,46,Portuguese,5.0
1441,59,no,4.42
1442,21,no,5.0
1443,21,no,3.75
1444,66,no,4.59
1445,56,French,3.95
1446,48,no,4.81
1447,63,no,4.73
1448,48,no,3.56
1449,45,Russian,4.38
1450,30,French,4.25
1451,59,Portuguese,5.0
1452,56,Arabic,4.86
1453,34,Arabic,4.17
1454,55,no,3.99
1455,55,no,4.84
1456,25,no,3.73
1457,28,no,4.78
1458,48,Mandarin,4.69
1459,50,no,4.39
1460,51,no,4.61
1461,38,Spanish,4.65
1462,60,no,4.51
1463,41,no,4.23
1464,30,no,4.83
1465,26,Mandarin,4.8
1466,62,no,4.37
1467,54,no,4.75
1468,42,no,4.18
1469,30,Mandarin,4.84
1470,25,no,4.49
1471,28,no,3.86
1472,25,Arabic,4.84
1473,45,Arabic,3.94
1474,30,no,4.42
1475,27,no,4.37
1476,34,no,3.98
1477,53,Mandarin,4.55
1478,44,no,3.84
1479,28,Portuguese,4.66
1480,56,French,4.49
1481,44,Spanish,4.21
1482,29,no,4.92
1483,53,Arabic,4.48
1484,67,Mandarin,4.92
1485,46,French,5.0
1486,28,no,4.94
1487,35,Mandarin,4.76
1488,49,French,4.27
1489,67,Portuguese,3.99
1490,64,Spanish,4.55
1491,64,no,4.88
1492,60,no,4.75
1493,48,Mandarin,3.37
1494,51,Portuguese,4.79
1495,55,Spanish,4.47
1496,54,no,4.37
1497,51,no,4.7
1498,27,Spanish,4.49
1499,62,Arabic,4.52
1500,21,no,4.86
1501,41,no,4.12
1502,41,Portuguese,4.62
1503,67,no,4.47
1504,25,no,4.02
1505,43,no,4.74
1506,37,no,4.93
1507,25,no,4.78
1508,31,Spanish,5.0
1509,40,Spanish,3.8
1510,64,Spanish,3.92
1511,39,Spanish,4.32
1512,62,no,4.07
1513,55,no,4.1
1514,59,no,4.95
1515,61,no,4.51
1516,54,Mandarin,4.55
1517,55,no,4.84
1518,28,Spanish,4.46
1519,54,no,5.0
1520,23,no,3.92
1521,55,no,4.43
1522,51,no,3.92
1523,56,Spanish,5.0
1524,51,French,4.62
1525,38,no,4.42
1526,38,Spanish,4.24
1527,49,French,4.93
1528,43,no,4.5
1529,37,no,5.0
1530,43,no,4.31
1531,46,no,4.83
1532,32,Arabic,4.57
1533,50,no,4.08
1534,35,no,4.35
1535,33,Mandarin,4.14
1536,40,no,4.47
1537,25,Spanish,4.68
1538,49,no,4.9
1539,55,no,4.75
1540,65,no,4.42
1541,34,no,5.0
1542,46,no,4.72
1543,44,Mandarin,5.0
1544,55,Spanish,5.0
1545,50,Mandarin,4.9
1546,58,no,4.61
1547,60,Russian,4.91
1548,26,no,3.79
1549,37,French,4.33
1550,51,Mandarin,3.95
1551,46,Spanish,4.49
1552,43,no,4.21
1553,29,Mandarin,4.01
1554,47,Mandarin,4.46
1555,55,no,4.21
1556,22,French,4.75
1557,48,no,5.0
1558,63,no,4.67
1559,47,Spanish,4.08
1560,65,French,4.84
1561,37,no,4.2
1562,21,no,4.34
1563,53,no,4.32
1564,31,no,4.35
1565,21,no,4.53
1566,29,no,4.53
1567,64,French,4.81
1568,57,no,5.0
1569,33,no,4.58
1570,49,no,4.47
1571,36,no,4.27
1572,29,no,4.08
1573,67,no,4.11
1574,59,no,4.23
1575,38,no,3.38
1576,37,Spanish,4.37
1577,59,Arabic,5.0
1578,42,no,4.73
1579,38,no,4.3
1580,39,no,4.47
1581,42,no,3.7
1582,45,Spanish,4.5
1583,22,Spanish,4.82
1584,43,no,4.44
1585,41,no,3.58
1586,33,no,4.59
1587,37,no,5.0
1588,40,Portuguese,4.59
1589,38,no,4.15
1590,63,no,5.0
1591,45,no,4.09
1592,44,no,4.16
1593,33,no,4.35
1594,64,no,3.84
1595,22,no,3.95
1596,46,no,4.58
1597,28,Spanish,5.0
1598,57,no,4.52
1599,38,no,4.09
1600,34,Arabic,4.82
1601,23,no,4.49
1602,58,Russian,4.69
1603,39,Portuguese,4.82
1604,33,no,4.3
1605,60,no,4.45
1606,21,French,4.37
1607,43,no,4.8
1608,28,no,5.0
1609,26,Spanish,4.59
1610,22,no,4.29
1611,29,Arabic,4.49
1612,65,Mandarin,4.41
1613,41,Arabic,4.88
1614,67,Mandarin,4.79
1615,33,Spanish,4.4
1616,56,no,4.6
1617,25,Russian,4.49
1618,26,Portuguese,4.23
1619,21,French,4.6
1620,63,French,4.65
1621,52,Spanish,4.67
1622,55,no,4.46
1623,64,Arabic,4.54
1624,36,no,4.37
1625,54,no,4.37
1626,44,no,4.65
1627,46,Spanish,4.83
1628,52,Spanish,4.92
1629,43,no,4.61
1630,22,no,4.54
1631,24,no,3.99
1632,44,no,5.0
1633,47,no,4.69
1634,55,Mandarin,4.19
1635,47,no,4.54
1636,29,no,4.77
1637,38,no,4.28
1638,41,no,3.69
1639,67,Arabic,4.03
1640,46,no,4.47
1641,50,no,3.74
1642,55,Mandarin,4.29
1643,38,no,4.48
1644,66,French,4.27
1645,52,Russian,4.04
1646,60,Spanish,4.36
1647,56,Portuguese,4.06
1648,50,no,4.59
1649,22,no,3.9
1650,48,no,4.11
1651,27,no,4.41
1652,49,no,4.31
1653,53,no,4.57
1654,46,no,3.81
1655,35,no,4.52
1656,23,Spanish,4.34
1657,52,no,4.01
1658,53,no,4.01
1659,43,no,4.73
1660,54,Mandarin,4.73
1661,57,no,4.42
1662,45,Mandarin,5.0
1663,23,no,4.16
1664,61,no,4.31
1665,42,Russian,4.99
1666,52,no,4.5
1667,63,no,4.72
1668,38,no,4.88
1669,50,no,3.85
1670,21,no,4.15
1671,62,no,4.9
1672,23,no,4.48
1673,46,Portuguese,4.28
1674,37,no,3.8
1675,22,no,3.67
1676,42,French,5.0
1677,64,no,4.56
1678,28,Arabic,4.26
1679,34,no,4.51
1680,29,Spanish,3.98
1681,26,Portuguese,4.22
1682,31,no,4.37
1683,47,French,4.08
1684,57,Spanish,3.97
1685,53,French,3.68
1686,57,no,4.65
1687,54,no,4.36
1688,38,no,4.62
1689,63,Russian,4.87
1690,29,no,4.26
1691,53,no,4.07
1692,26,Arabic,4.59
1693,56,no,4.46
1694,25,Spanish,4.72
1695,31,no,4.96
1696,39,Spanish,5.0
1697,53,no,3.47
1698,23,no,4.45
1699,33,no,4.36
1700,36,no,4.52
1701,55,no,3.72
1702,66,no,3.71
1703,49,Mandarin,5.0
1704,44,no,4.47
1705,36,no,4.03
1706,59,no,4.09
1707,26,no,4.43
1708,27,Mandarin,4.14
1709,30,no,4.39
1710,33,Arabic,4.24
1711,42,Spanish,4.12
1712,65,French,4.86
1713,51,Mandarin,4.41
1714,39,no,4.45
1715,30,Russian,4.3
1716,51,French,4.94
1717,32,Spanish,4.92
1718,66,no,4.78
1719,43,no,4.05
1720,46,Spanish,4.41
1721,63,no,4.24
1722,35,Spanish,4.22
1723,43,no,4.27
1724,46,no,4.07
1725,33,no,4.36
1726,23,no,3.78
1727,34,no,4.49
1728,26,French,4.56
1729,52,Spanish,4.43
1730,21,Portuguese,4.53
1731,35,Mandarin,4.69
1732,62,Mandarin,4.12
1733,47,no,4.68
1734,52,French,4.81
1735,52,Portuguese,4.17
1736,35,Mandarin,4.34
1737,50,no,4.37
1738,31,Spanish,4.31
1739,50,no,4.81
1740,53,no,4.55
1741,62,Mandarin,4.45
1742,64,French,3.97
1743,22,no,4.8
1744,35,no,4.57
1745,46,Arabic,4.2
1746,36,no,4.84
1747,50,no,4.64
1748,61,Mandarin,3.28
1749,33,French,4.54
1750,62,no,4.49
1751,62,no,4.77
1752,63,no,4.55
1753,24,no,3.84
1754,34,Mandarin,3.48
1755,26,French,4.4
1756,26,no,4.38
1757,23,no,3.38
1758,41,no,4.3
1759,25,no,3.74
1760,34,no,4.29
1761,67,no,4.98
1762,62,French,4.05
1763,65,no,4.49
1764,22,Mandarin,4.59
1765,52,no,4.57
1766,50,French,4.48
1767,27,Russian,4.93
1768,63,no,4.75
1769,40,no,4.06
1770,66,Mandarin,4.48
1771,26,no,4.19
1772,51,no,4.85
1773,27,no,4.28
1774,65,Arabic,4.96
1775,49,no,4.06
1776,24,no,4.71
1777,31,no,4.43
1778,37,Spanish,3.91
1779,21,no,4.4
1780,21,Arabic,3.92
1781,64,Mandarin,4.3
1782,67,no,4.18
1783,46,no,4.42
1784,63,French,4.89
1785,51,Mandarin,4.56
1786,22,no,3.79
1787,54,no,4.07
1788,21,no,4.27
1789,59,no,4.65
1790,38,no,3.92
1791,27,no,5.0
1792,33,no,4.62
1793,53,Arabic,4.34
1794,60,French,4.33
1795,47,French,4.54
1796,28,Spanish,4.38
1797,63,Spanish,4.71
1798,58,no,4.62
1799,40,Mandarin,4.74
1800,47,no,4.61
1801,66,no,4.87
1802,38,Portuguese,4.65
1803,22,Arabic,4.56
1804,27,no,4.53
1805,49,Mandarin,4.53
1806,67,no,4.17
1807,55,no,4.0
1808,50,no,4.25
1809,36,no,4.08
1810,41,Mandarin,4.0
1811,22,no,4.81
1812,38,no,4.73
1813,50,Russian,3.84
1814,63,no,4.5
1815,64,no,4.38
1816,59,no,4.39
1817,22,no,3.93
1818,59,no,3.85
1819,31,Spanish,4.65
1820,49,Arabic,3.89
1821,65,no,4.32
1822,62,no,4.22
1823,52,no,4.51
1824,35,Arabic,4.62
1825,45,no,4.83
1826,54,no,3.66
1827,45,Russian,4.89
1828,40,Spanish,3.77
1829,39,no,4.55
1830,49,no,4.04
1831,22,no,5.0
1832,67,Russian,4.32
1833,25,no,4.97
1834,67,no,5.0
1835,22,Spanish,4.37
1836,45,no,4.34
1837,40,no,3.86
1838,47,Arabic,4.5
1839,41,no,4.43
1840,63,Arabic,4.46
1841,21,French,4.43
1842,67,no,4.13
1843,53,Mandarin,4.24
1844,57,French,4.35
1845,27,Spanish,4.36
1846,24,Spanish,4.26
1847,39,no,4.88
1848,36,no,4.8
1849,57,Mandarin,4.24
1850,63,no,4.42
1851,41,no,4.48
1852,57,no,4.17
1853,23,no,4.47
1854,55,French,4.66
1855,25,French,3.74
1856,52,French,5.0
1857,38,no,4.96
1858,40,no,3.97
1859,33,French,4.06
1860,39,no,4.53
1861,62,Mandarin,4.02
1862,59,Spanish,5.0
1863,36,no,4.14
1864,34,no,5.0
1865,44,Spanish,4.25
1866,53,no,4.62
1867,29,Arabic,4.95
1868,55,Spanish,4.6
1869,65,no,4.54
1870,60,Mandarin,4.93
1871,46,no,4.44
1872,36,no,4.14
1873,36,Russian,3.86
1874,55,Mandarin,4.65
1875,42,Spanish,4.66
1876,26,French,4.68
1877,52,no,4.71
1878,27,no,3.99
1879,67,no,3.39
1880,40,no,5.0
1881,37,no,4.48
1882,23,no,4.3
1883,28,Mandarin,4.51
1884,65,no,4.03
1885,46,Spanish,4.01
1886,63,French,5.0
1887,65,Russian,4.54
1888,23,no,3.85
1889,38,Arabic,4.23
1890,60,French,4.54
1891,44,no,4.16
1892,44,no,5.0
1893,47,no,4.31
1894,53,Spanish,4.15
1895,65,Spanish,4.14
1896,62,no,4.13
1897,50,Mandarin,3.81
1898,48,no,4.86
1899,37,no,5.0
1900,26,Arabic,4.36
1901,54,Russian,4.03
1902,21,French,4.22
1903,53,no,3.81
1904,44,no,4.47
1905,57,no,4.24
1906,65,no,4.62
1907,46,no,5.0
1908,47,Arabic,4.67
1909,43,Spanish,3.86
1910,38,no,3.86
1911,25,no,4.08
1912,22,no,4.89
1913,54,no,4.68
1914,64,Mandarin,5.0
1915,23,no,4.4
1916,36,French,4.44
1917,49,no,3.93
1918,54,no,4.63
1919,55,Russian,4.63
1920,53,no,3.99
1921,24,no,4.79
1922,32,Spanish,4.44
1923,43,no,4.77
1924,23,no,3.72
1925,37,no,5.0
1926,39,no,4.26
1927,66,no,4.28
1928,35,no,4.63
1929,66,French,4.24
1930,53,Arabic,4.67
1931,53,no,4.72
1932,59,no,4.21
1933,60,no,4.13
1934,31,no,4.22
1935,40,no,4.37
1936,45,French,4.88
1937,66,no,4.55
1938,22,no,4.4
1939,43,Spanish,4.81
1940,31,French,3.88
1941,30,no,4.04
1942,56,no,4.86
1943,30,Russian,4.95
1944,58,no,4.5
1945,67,Spanish,5.0
1946,57,Spanish,4.58
1947,28,no,3.89
1948,27,no,4.21
1949,41,no,4.61
1950,46,no,4.26
1951,57,no,4.83
1952,40,French,3.92
1953,28,Mandarin,4.25
1954,67,Portuguese,5.0
1955,63,Russian,4.21
1956,51,Mandarin,4.27
1957,53,no,4.42
1958,64,no,4.92
1959,43,Spanish,4.4
1960,27,Spanish,3.91
1961,49,no,4.93
1962,42,Spanish,4.56
1963,58,no,4.8
1964,57,no,4.68
1965,43,French,5.0
1966,38,no,4.52
1967,40,no,4.37
1968,50,Spanish,4.53
1969,50,Spanish,4.44
1970,45,no,4.26
1971,45,Spanish,4.0
1972,67,no,3.93
1973,32,Spanish,4.51
1974,29,no,4.46
1975,58,Russian,3.88
1976,64,French,3.88
1977,49,no,4.89
1978,39,no,4.46
1979,37,no,4.36
1980,42,Mandarin,4.86
1981,23,Spanish,4.87
1982,45,Mandarin,4.95
1983,33,Arabic,3.67
1984,33,no,5.0
1985,47,Spanish,3.79
1986,66,no,4.15
1987,30,Spanish,4.13
1988,63,no,4.48
1989,45,French,4.51
1990,66,no,3.73
1991,38,no,4.26
1992,67,no,4.86
1993,52,Portuguese,3.84
1994,52,no,3.69
1995,47,no,4.41
1996,42,no,4.23
1997,45,no,4.09
1998,60,Arabic,4.11
1999,58,Russian,4.64
2000,22,French,4.57
2001,53,French,4.02
2002,60,no,4.34
2003,55,no,4.42
2004,44,Spanish,4.41
2005,36,Spanish,4.43
2006,52,no,5.0
2007,52,Mandarin,4.59
2008,38,no,4.01
2009,40,no,4.51
2010,38,no,4.44
2011,23,French,4.42
2012,22,Mandarin,4.7
2013,24,no,4.36
2014,40,French,4.5
2015,44,French,4.26
2016,40,no,5.0
2017,65,French,5.0
2018,31,no,4.44
2019,39,no,4.28
2020,32,no,4.11
2021,35,no,4.96
2022,48,no,4.43
2023,35,no,3.91
2024,35,no,4.11
2025,52,Spanish,4.1
2026,60,Spanish,4.61
2027,30,no,4.62
2028,26,no,4.46
2029,32,no,4.34
2030,48,French,4.51
2031,66,Arabic,3.81
2032,28,no,4.03
2033,23,Mandarin,4.26
2034,45,Spanish,4.27
2035,67,Russian,4.61
2036,46,no,4.65
2037,64,no,4.43
2038,51,Spanish,4.83
2039,22,no,4.28
2040,41,no,4.14
2041,57,no,4.51
2042,44,no,4.87
2043,30,Mandarin,4.43
2044,29,Mandarin,4.82
2045,52,no,3.9
2046,42,Arabic,4.1
2047,47,no,4.65
2048,38,Russian,3.7
2049,36,no,4.81
2050,52,French,4.55
2051,21,Arabic,4.03
2052,41,French,4.37
2053,38,French,5.0
2054,57,no,4.89
2055,55,Mandarin,4.5
2056,41,Spanish,4.38
2057,33,no,4.1
2058,32,Russian,4.28
2059,30,no,3.85
2060,33,no,4.17
2061,56,Arabic,5.0
2062,23,no,4.23
2063,22,no,3.9
2064,46,no,4.02
2065,31,Mandarin,4.7
2066,60,Arabic,4.2
2067,56,no,4.43
2068,57,Spanish,3.97
2069,42,Spanish,4.79
2070,41,Spanish,4.06
2071,41,Spanish,4.41
2072,30,Portuguese,4.46
2073,47,no,5.0
2074,61,no,4.71
2075,33,Spanish,5.0
2076,23,no,4.27
2077,47,no,4.89
2078,39,no,4.46
2079,58,no,4.52
2080,61,Portuguese,4.75
2081,65,no,4.55
2082,39,Spanish,4.45
2083,63,Mandarin,4.72
2084,26,no,4.22
2085,38,no,4.84
2086,33,no,4.67
2087,64,no,4.13
2088,49,no,4.34
2089,38,Spanish,4.08
2090,28,no,4.76
2091,57,no,4.21
2092,51,no,4.57
2093,61,no,4.56
2094,41,no,4.13
2095,28,Portuguese,5.0
2096,36,no,4.17
2097,50,no,4.92
2098,32,Spanish,4.42
2099,24,Mandarin,3.62
2100,59,Spanish,4.98
2101,45,no,4.68
2102,39,Spanish,4.35
2103,46,no,4.04
2104,55,French,3.88
2105,21,no,5.0
2106,41,Mandarin,4.13
2107,32,Spanish,4.18
2108,25,Spanish,4.72
2109,22,no,3.82
2110,41,Spanish,3.94
2111,46,Mandarin,4.71
2112,44,no,4.46
2113,57,no,4.4
2114,42,no,4.27
2115,48,no,4.41
2116,59,Mandarin,4.48
2117,51,no,4.41
2118,63,Mandarin,4.16
2119,31,Mandarin,4.1
2120,57,Spanish,4.25
2121,53,Spanish,5.0
2122,48,Spanish,4.78
2123,21,no,4.05
2124,46,no,3.96
2125,61,French,4.46
2126,51,Russian,5.0
2127,21,no,3.93
2128,34,Portuguese,4.5
2129,47,Russian,4.5
2130,59,no,4.52
2131,41,Mandarin,4.33
2132,61,Spanish,4.69
2133,58,no,4.32
2134,33,no,4.67
2135,30,no,4.61
2136,63,French,4.77
2137,48,no,5.0
2138,60,French,5.0
2139,64,Spanish,5.0
2140,40,Mandarin,5.0
2141,23,no,3.9
2142,63,no,4.47
2143,48,no,4.59
2144,26,no,5.0
2145,45,no,3.98
2146,22,no,4.43
2147,34,no,4.08
2148,37,Spanish,4.7
2149,42,no,4.18
2150,47,no,4.92
2151,60,Arabic,3.97
2152,37,no,4.91
2153,55,Portuguese,4.44
2154,65,Spanish,4.51
2155,56,no,5.0
2156,32,Portuguese,4.47
2157,52,Arabic,4.49
2158,34,Spanish,4.77
2159,43,no,4.24
2160,50,no,5.0
2161,34,no,4.38
2162,21,Mandarin,4.01
2163,60,no,5.0
2164,55,no,4.59
2165,26,no,3.49
2166,38,no,4.26
2167,33,no,4.1
2168,66,no,3.97
2169,65,Arabic,4.53
2170,53,no,4.69
2171,41,no,4.82
2172,23,no,4.87
2173,32,no,4.77
2174,25,Spanish,4.04
2175,58,no,4.77
2176,25,Portuguese,5.0
2177,52,Russian,4.39
2178,65,French,4.6
2179,35,French,4.03
2180,53,no,4.88
2181,62,Spanish,4.95
2182,41,no,4.23
2183,42,French,4.49
2184,30,no,4.29
2185,41,no,4.5
2186,62,no,4.23
2187,52,Spanish,4.87
2188,30,Spanish,4.62
2189,45,no,5.0
2190,54,no,4.76
2191,24,no,4.07
2192,56,French,4.58
2193,30,no,4.53
2194,34,no,4.34
2195,40,Spanish,5.0
2196,44,Spanish,5.0
2197,64,French,4.73
2198,31,Spanish,4.44
2199,33,Portuguese,3.59
2200,38,no,4.47
2201,61,no,4.22
2202,66,Russian,4.83
2203,42,no,4.03
2204,53,French,4.74
2205,64,no,3.98
2206,60,no,4.58
2207,53,no,4.89
2208,46,Spanish,4.88
2209,67,French,4.53
2210,32,no,4.61
2211,38,no,4.01
2212,54,no,4.43
2213,21,no,4.39
2214,44,no,4.74
2215,61,Portuguese,4.51
2216,29,no,4.44
2217,58,no,4.75
2218,40,no,4.08
2219,61,no,3.79
2220,50,no,4.53
2221,28,Mandarin,4.07
2222,55,Spanish,3.88
2223,23,French,5.0
2224,32,no,4.1
2225,62,Spanish,4.57
2226,62,Arabic,4.35
2227,23,Arabic,4.13
2228,38,Portuguese,4.24
2229,25,no,4.77
2230,33,Russian,4.47
2231,66,French,4.53
2232,30,French,4.26
2233,51,Spanish,5.0
2234,58,Russian,3.9
2235,62,no,3.66
2236,37,Mandarin,4.85
2237,53,Mandarin,4.86
2238,43,Mandarin,4.7
2239,26,Mandarin,4.6
2240,31,no,4.83
2241,56,no,4.7
2242,53,no,3.98
2243,45,Mandarin,4.85
2244,57,Mandarin,4.76
2245,53,French,5.0
2246,36,French,5.0
2247,34,Spanish,4.66
2248,65,no,3.74
2249,66,Spanish,5.0
2250,22,Arabic,4.01
2251,58,Spanish,4.52
2252,27,Arabic,4.28
2253,61,Russian,4.44
2254,48,no,4.71
2255,53,Mandarin,4.25
2256,53,no,4.5
2257,49,no,4.18
2258,32,no,4.39
2259,58,no,4.24
2260,47,no,4.21
2261,46,Spanish,4.3
2262,35,no,5.0
2263,21,no,4.36
2264,47,no,3.83
2265,37,no,5.0
2266,51,Arabic,4.76
2267,38,no,4.67
2268,66,no,4.55
2269,53,Russian,4.29
2270,42,French,4.88
2271,54,Spanish,4.5
2272,51,Mandarin,4.12
2273,50,no,4.66
2274,48,Mandarin,4.73
2275,64,no,4.56
2276,35,no,4.03
2277,41,no,4.31
2278,32,Mandarin,3.95
2279,47,no,4.97
2280,67,no,4.12
2281,49,no,3.92
2282,30,Mandarin,4.93
2283,64,no,4.46
2284,58,no,4.29
2285,41,no,4.25
2286,27,French,3.97
2287,39,no,4.86
2288,58,Portuguese,4.51
2289,48,no,4.56
2290,29,no,4.47
2291,28,no,4.54
2292,66,no,4.43
2293,42,no,4.53
2294,53,no,4.77
2295,37,Arabic,5.0
2296,25,no,4.04
2297,40,no,4.14
2298,53,no,4.66
2299,36,no,5.0
2300,49,no,4.9
2301,41,no,4.12
2302,36,no,5.0
2303,32,no,4.32
2304,33,Portuguese,4.89
2305,33,Spanish,4.67
2306,54,Portuguese,3.89
2307,36,no,4.8
2308,55,Arabic,4.7
2309,35,no,4.26
2310,36,no,4.32
2311,64,French,3.88
2312,62,no,4.65
2313,39,no,4.87
2314,33,French,3.91
2315,54,Spanish,4.3
2316,24,no,4.64
2317,42,no,4.33
2318,49,no,4.47
2319,52,Russian,3.83
2320,26,no,5.0
2321,21,no,4.43
2322,34,no,4.09
2323,26,Arabic,3.4
2324,44,Mandarin,4.82
2325,64,no,4.82
2326,34,Portuguese,4.41
2327,42,no,4.71
2328,31,Arabic,4.68
2329,23,no,4.34
2330,54,no,4.21
2331,33,no,4.31
2332,46,Russian,4.77
2333,53,Portuguese,4.96
2334,60,Spanish,4.48
2335,29,no,5.0
2336,48,no,4.26
2337,63,no,4.77
2338,43,no,5.0
2339,22,no,4.83
2340,33,Spanish,5.0
2341,58,Spanish,4.1
2342,58,Arabic,5.0
2343,35,no,4.45
2344,30,no,4.28
2345,34,no,3.78
2346,32,no,4.65
2347,55,Spanish,4.17
2348,60,French,4.76
2349,23,no,3.82
2350,55,no,5.0
2351,56,Arabic,4.57
2352,49,no,5.0
2353,61,no,3.93
2354,22,Mandarin,4.87
2355,53,Spanish,3.65
2356,26,no,4.32
2357,63,French,4.46
2358,44,Portuguese,4.14
2359,25,no,4.27
2360,56,no,4.28
2361,56,Mandarin,3.85
2362,42,Spanish,4.34
2363,35,no,4.41
2364,21,no,4.55
2365,63,Mandarin,4.4
2366,29,no,4.9
2367,60,no,4.11
2368,48,no,4.38
2369,53,no,4.49
2370,53,Portuguese,4.64
2371,61,Spanish,4.05
2372,22,no,4.39
2373,67,Arabic,4.43
2374,23,no,4.13
2375,67,no,4.5
2376,33,no,4.7
2377,60,Mandarin,4.05
2378,24,Mandarin,4.1
2379,42,French,4.13
2380,46,no,4.35
2381,65,no,4.62
2382,26,no,4.53
2383,22,Russian,4.75
2384,51,no,4.41
2385,23,Spanish,4.12
2386,57,Mandarin,3.7
2387,22,no,3.93
2388,66,no,3.95
2389,46,no,4.13
2390,65,Spanish,5.0
2391,26,Russian,4.79
2392,33,no,4.87
2393,42,Russian,4.21
2394,22,no,4.85
2395,25,no,4.74
2396,36,Arabic,4.45
2397,55,Arabic,4.77
2398,54,no,4.88
2399,25,Spanish,4.09
2400,23,Arabic,4.03
2401,51,Mandarin,4.22
2402,37,Spanish,3.63
2403,58,no,4.47
2404,35,no,4.11
2405,38,Spanish,4.15
2406,31,no,4.63
2407,33,no,3.88
2408,54,no,4.76
2409,43,no,4.61
2410,51,no,4.0
2411,24,no,4.24
2412,46,no,3.95
2413,42,no,4.36
2414,63,Arabic,4.56
2415,40,Spanish,4.67
2416,25,no,4.65
2417,53,no,4.19
2418,28,no,3.84
2419,63,Spanish,4.95
2420,39,Spanish,4.62
2421,57,Spanish,4.07
2422,51,Mandarin,4.83
2423,42,no,4.83
2424,48,no,4.74
2425,29,no,4.28
2426,24,no,3.76
2427,57,no,3.71
2428,66,Mandarin,4.31
2429,61,no,5.0
2430,35,Spanish,4.29
2431,37,no,4.36
2432,37,no,4.21
2433,54,Mandarin,4.28
2434,50,no,4.68
2435,58,no,4.1
2436,65,no,4.84
2437,39,Mandarin,4.24
2438,52,no,5.0
2439,44,Portuguese,3.98
2440,65,Russian,5.0
2441,37,French,4.84
2442,29,no,4.49
2443,38,Spanish,4.17
2444,50,no,3.93
2445,65,Arabic,4.25
2446,59,no,4.41
2447,21,no,3.93
2448,44,no,3.66
2449,28,French,5.0
2450,38,Arabic,4.63
2451,65,no,4.77
2452,67,no,4.1
2453,28,Mandarin,4.32
2454,27,French,4.18
2455,53,Mandarin,4.46
2456,40,no,4.59
2457,41,Spanish,4.98
2458,62,Arabic,4.68
2459,64,no,4.55
2460,63,no,4.52
2461,57,no,4.79
2462,67,no,4.3
2463,54,French,4.64
2464,62,no,4.46
2465,46,no,4.32
2466,23,no,3.99
2467,59,Arabic,4.51
2468,64,French,4.58
2469,35,no,4.66
2470,41,Mandarin,4.18
2471,47,no,4.69
2472,51,French,4.8
2473,52,Mandarin,5.0
2474,39,no,3.94
2475,61,Russian,4.51
2476,59,no,3.79
2477,65,Spanish,4.76
2478,48,no,3.76
2479,24,Mandarin,4.24
2480,60,no,4.51
2481,24,no,3.84
2482,30,no,4.11
2483,34,Russian,4.39
2484,29,no,4.64
2485,55,Spanish,4.14
2486,41,no,4.62
2487,31,French,4.12
2488,21,no,4.53
2489,31,Spanish,4.98
2490,53,Portuguese,3.63
2491,58,no,4.72
2492,34,no,4.4
2493,24,Arabic,4.66
2494,47,no,4.12
2495,57,no,4.73
2496,24,no,5.0
2497,58,French,4.77
2498,29,Portuguese,4.11
2499,33,Spanish,4.24
2500,50,Spanish,4.1
2501,23,no,4.76
2502,35,no,4.58
2503,27,no,4.07
2504,31,no,4.27
2505,57,no,4.51
2506,31,Spanish,4.7
2507,23,no,4.03
2508,31,no,4.68
2509,25,no,4.46
2510,50,no,4.03
2511,66,no,4.24
2512,28,no,4.73
2513,55,no,3.52
2514,38,no,4.01
2515,24,Mandarin,4.99
2516,53,Arabic,4.43
2517,30,Mandarin,4.28
2518,45,Spanish,4.67
2519,44,Arabic,4.8
2520,49,no,4.59
2521,27,Spanish,4.46
2522,32,no,4.3
2523,55,no,4.49
2524,64,no,4.17
2525,21,no,4.68
2526,40,French,5.0
2527,62,no,4.42
2528,34,Spanish,4.67
2529,42,Arabic,4.84
2530,63,no,5.0
2531,66,no,4.77
2532,51,no,3.81
2533,53,no,4.14
2534,49,Russian,4.65
2535,34,Mandarin,4.29
2536,62,Mandarin,5.0
2537,22,no,4.96
2538,23,Mandarin,3.94
2539,49,Mandarin,4.15
2540,60,no,4.14
2541,59,no,4.13
2542,52,no,4.12
2543,38,no,5.0
2544,37,Arabic,3.86
2545,41,Spanish,3.74
2546,33,no,3.82
2547,40,Portuguese,4.34
2548,25,no,4.25
2549,36,no,4.55
2550,65,Portuguese,4.48
2551,54,Arabic,3.86
2552,27,Spanish,4.08
2553,34,no,3.87
2554,33,Russian,3.9
2555,34,Mandarin,4.07
2556,53,Spanish,4.94
2557,63,no,3.97
2558,54,no,4.5
2559,43,French,4.57
2560,28,Arabic,5.0
2561,27,Spanish,4.64
2562,59,no,5.0
2563,52,Mandarin,4.25
2564,44,no,4.37
2565,48,no,4.35
2566,60,no,4.03
2567,59,no,4.54
2568,25,Mandarin,5.0
2569,39,no,4.08
2570,23,no,4.08
2571,39,Arabic,4.09
2572,50,Mandarin,3.91
2573,30,no,4.04
2574,28,no,4.14
2575,44,Mandarin,4.19
2576,45,no,4.39
2577,54,no,3.9
2578,21,no,4.27
2579,32,no,4.63
2580,57,Mandarin,3.96
2581,53,no,4.27
2582,63,no,4.46
2583,59,no,4.27
2584,60,no,4.68
2585,45,no,4.15
2586,66,Arabic,4.65
2587,40,no,4.36
2588,63,no,4.32
2589,39,no,5.0
2590,41,Mandarin,4.45
2591,53,no,4.21
2592,39,Portuguese,4.81
2593,27,Spanish,4.97
2594,63,no,4.03
2595,42,Spanish,4.68
2596,64,no,5.0
2597,39,Portuguese,4.2
2598,66,Portuguese,4.83
2599,49,no,4.83
2600,57,Spanish,4.17
2601,56,no,4.69
2602,30,no,4.41
2603,59,French,4.2
2604,65,Portuguese,3.92
2605,52,no,4.11
2606,65,Mandarin,4.9
2607,60,Mandarin,4.96
2608,52,no,4.7
2609,43,Spanish,4.62
2610,61,Spanish,4.7
2611,29,Mandarin,4.59
2612,47,Russian,4.6
2613,59,no,4.66
2614,65,no,3.88
2615,33,no,4.11
2616,25,no,3.88
2617,36,no,4.77
2618,61,Arabic,5.0
2619,45,no,3.5
2620,23,Spanish,4.88
2621,26,no,4.17
2622,36,no,4.72
2623,37,French,4.87
2624,27,Spanish,4.89
2625,44,no,4.51
2626,43,Portuguese,4.1
2627,30,no,4.42
2628,31,no,4.72
2629,52,no,4.44
2630,65,Spanish,4.2
2631,67,no,4.38
2632,47,French,4.16
2633,22,no,3.82
2634,63,no,4.54
2635,65,Arabic,4.51
2636,34,no,4.05
2637,39,no,3.87
2638,22,no,3.46
2639,58,no,4.44
2640,57,no,4.81
2641,21,no,3.94
2642,54,Spanish,4.74
2643,40,no,5.0
2644,46,no,4.91
2645,31,Spanish,4.54
2646,59,no,4.74
2647,40,Spanish,4.23
2648,60,Mandarin,3.96
2649,27,no,4.27
2650,48,no,4.37
2651,35,no,4.95
2652,66,no,4.35
2653,47,no,4.14
2654,54,Mandarin,4.22
2655,25,Spanish,4.21
2656,52,no,4.37
2657,25,Portuguese,4.05
2658,37,no,4.65
2659,31,Arabic,4.51
2660,21,French,4.42
2661,48,no,4.79
2662,32,no,4.8
2663,45,no,4.92
2664,56,Portuguese,3.97
2665,29,no,4.42
2666,54,Arabic,4.15
2667,34,no,4.5
2668,36,no,3.8
2669,48,Spanish,4.99
2670,50,no,4.67
2671,51,no,5.0
2672,30,Portuguese,5.0
2673,48,no,4.54
2674,33,Portuguese,4.33
2675,34,Russian,5.0
2676,65,no,4.21
2677,25,no,3.9
2678,40,no,4.9
2679,41,Spanish,4.62
2680,32,Russian,4.95
2681,57,Arabic,4.82
2682,43,Portuguese,4.6
2683,54,no,5.0
2684,39,no,4.24
2685,63,no,4.2
2686,55,Arabic,3.99
2687,36,no,3.74
2688,66,no,4.89
2689,61,no,4.22
2690,48,no,4.9
2691,21,no,4.19
2692,48,no,4.88
2693,53,Arabic,4.47
2694,38,French,4.33
2695,27,no,4.49
2696,47,French,4.89
2697,58,no,4.36
2698,36,French,4.34
2699,42,no,4.0
2700,21,Spanish,4.54
2701,54,no,4.41
2702,61,no,4.49
2703,57,Spanish,4.5
2704,41,Mandarin,4.26
2705,23,Mandarin,4.61
2706,44,no,4.83
2707,65,no,5.0
2708,24,Mandarin,4.88
2709,31,no,4.77
2710,60,no,4.03
2711,47,no,3.69
2712,29,no,4.6
2713,22,no,4.87
2714,40,no,4.74
2715,48,Spanish,5.0
2716,60,Spanish,3.83
2717,62,French,4.91
2718,42,Spanish,4.63
2719,40,no,3.87
2720,64,Portuguese,4.63
2721,57,Mandarin,4.43
2722,30,no,4.82
2723,53,no,4.65
2724,54,Spanish,4.8
2725,31,Spanish,4.03
2726,66,Spanish,4.46
2727,34,French,3.92
2728,46,Portuguese,4.98
2729,44,Portuguese,5.0
2730,53,Spanish,4.06
2731,63,Russian,4.6
2732,39,Portuguese,4.2
2733,39,no,4.05
2734,56,Spanish,4.78
2735,65,no,4.21
2736,63,no,4.82
2737,56,no,4.56
2738,54,no,4.76
2739,57,no,3.91
2740,64,no,4.83
2741,21,no,4.73
2742,48,Spanish,4.76
2743,22,Arabic,4.27
2744,48,Russian,3.84
2745,39,no,3.86
2746,35,no,4.19
2747,62,Arabic,4.45
2748,54,no,4.57
2749,47,Russian,5.0
2750,62,Mandarin,4.22
2751,25,no,4.45
2752,51,no,4.41
2753,28,no,4.08
2754,31,no,4.58
2755,29,no,4.91
2756,46,French,4.3
2757,50,Spanish,4.63
2758,56,no,4.79
2759,41,no,4.58
2760,65,no,3.94
2761,38,no,4.71
2762,28,Spanish,4.64
2763,22,Spanish,4.17
2764,26,French,4.46
2765,41,no,4.73
2766,40,no,4.77
2767,61,French,4.06
2768,26,Mandarin,4.6
2769,33,Mandarin,4.41
2770,67,no,4.31
2771,22,Arabic,4.3
2772,40,no,3.81
2773,30,no,3.66
2774,46,French,4.57
2775,66,no,5.0
2776,31,French,4.11
2777,38,no,3.98
2778,42,no,4.54
2779,58,no,4.37
2780,67,French,4.41
2781,25,French,4.14
2782,43,no,4.33
2783,56,no,4.16
2784,21,no,3.52
2785,58,no,3.94
2786,32,Mandarin,4.73
2787,45,no,4.87
2788,66,no,4.67
2789,50,no,4.74
2790,67,Spanish,3.47
2791,49,Spanish,4.12
2792,30,Spanish,4.85
2793,53,Spanish,5.0
2794,49,Russian,4.92
2795,35,no,3.98
2796,24,Arabic,3.98
2797,51,Spanish,4.2
2798,48,no,4.46
2799,57,French,5.0
2800,26,Spanish,4.44
2801,46,Spanish,4.52
2802,59,no,4.65
2803,62,no,4.32
2804,65,Arabic,4.53
2805,30,no,4.08
2806,29,no,3.79
2807,48,no,4.94
2808,42,no,4.13
2809,32,French,4.83
2810,25,Spanish,3.66
2811,27,Portuguese,4.13
2812,36,no,5.0
2813,55,no,4.33
2814,24,no,3.79
2815,25,no,4.32
2816,33,Mandarin,4.51
2817,62,no,4.34
2818,67,no,4.11
2819,41,Arabic,4.71
2820,23,Spanish,4.22
2821,21,no,5.0
2822,61,Mandarin,4.35
2823,41,no,4.26
2824,24,Arabic,4.17
2825,60,Spanish,5.0
2826,45,no,3.83
2827,37,no,4.61
2828,42,no,4.34
2829,31,Mandarin,3.89
2830,64,no,4.19
2831,58,Mandarin,4.63
2832,30,no,4.0
2833,55,no,4.6
2834,29,no,4.97
2835,42,no,4.47
2836,56,no,3.71
2837,22,Spanish,3.94
2838,55,Portuguese,4.14
2839,31,no,4.3
2840,53,Spanish,4.31
2841,44,no,4.48
2842,22,Mandarin,4.8
2843,56,no,4.35
2844,33,Spanish,3.91
2845,65,no,4.85
2846,60,no,4.95
2847,30,Spanish,4.56
2848,49,no,4.42
2849,38,no,4.26
2850,49,no,4.25
2851,47,Portuguese,3.69
2852,34,no,4.68
2853,51,no,4.76
2854,33,Arabic,5.0
2855,63,Spanish,4.51
2856,65,no,4.45
2857,28,Spanish,4.43
2858,55,no,4.54
2859,64,no,4.44
2860,26,no,4.29
2861,55,Mandarin,4.74
2862,65,French,4.8
2863,31,no,4.73
2864,48,no,3.93
2865,58,no,4.62
2866,36,no,4.19
2867,32,no,4.14
2868,39,Spanish,4.04
2869,36,no,4.61
2870,55,Portuguese,4.79
2871,38,no,4.38
2872,38,no,4.41
2873,65,no,4.72
2874,48,Spanish,4.93
2875,64,no,4.52
2876,54,no,3.95
2877,62,no,4.55
2878,30,Mandarin,4.92
2879,65,Portuguese,4.12
2880,65,no,4.64
2881,22,no,4.75
2882,37,no,3.7
2883,40,no,4.51
2884,40,Russian,4.61
2885,57,no,4.42
2886,53,Spanish,4.02
2887,31,Portuguese,4.08
2888,49,Spanish,4.61
2889,66,no,4.32
2890,41,Spanish,4.37
2891,64,no,4.58
2892,51,no,4.8
2893,64,Russian,4.04
2894,63,no,3.84
2895,21,no,4.68
2896,58,no,4.49
2897,29,no,4.0
2898,59,Spanish,4.22
2899,58,Mandarin,4.3
2900,33,Spanish,4.52
2901,24,no,4.43
2902,40,no,3.91
2903,35,no,4.11
2904,47,no,3.63
2905,24,French,4.93
2906,23,Spanish,4.36
2907,41,Arabic,4.73
2908,57,French,4.44
2909,35,no,4.6
2910,36,Spanish,4.45
2911,28,Mandarin,4.42
2912,34,Portuguese,4.26
2913,35,no,4.06
2914,33,Spanish,4.27
2915,37,no,4.35
2916,34,Mandarin,4.98
2917,52,Portuguese,4.91
2918,36,Portuguese,4.43
2919,56,no,4.27
2920,49,no,4.68
2921,51,Mandarin,4.72
2922,48,Spanish,4.43
2923,64,Arabic,4.42
2924,33,no,3.83
2925,67,French,3.58
2926,30,Spanish,4.27
2927,27,no,4.52
2928,59,no,4.35
2929,63,Mandarin,4.51
2930,25,no,4.19
2931,49,French,4.94
2932,45,Spanish,5.0
2933,31,no,4.62
2934,45,no,4.17
2935,53,Russian,4.63
2936,47,Mandarin,4.82
2937,45,French,4.42
2938,62,Mandarin,4.85
2939,31,Spanish,4.13
2940,50,Portuguese,5.0
2941,35,Spanish,4.19
2942,66,no,3.98
2943,32,no,4.2
2944,61,no,3.29
2945,50,Mandarin,4.15
2946,31,no,5.0
2947,56,Mandarin,4.21
2948,32,Portuguese,3.72
2949,33,no,4.62
2950,37,no,3.96
2951,53,Spanish,4.86
2952,39,no,4.17
2953,47,French,4.56
2954,46,no,4.13
2955,30,no,5.0
2956,31,Spanish,4.61
2957,35,no,4.24
2958,31,no,4.19
2959,64,no,4.23
2960,38,no,4.03
2961,40,Arabic,4.35
2962,52,no,5.0
2963,58,no,4.22
2964,53,no,3.69
2965,46,no,3.81
2966,66,no,4.76
2967,63,Mandarin,4.16
2968,30,no,4.25
2969,28,Spanish,4.88
2970,39,no,4.24
2971,60,no,4.94
2972,66,no,4.2
2973,54,Mandarin,4.89
2974,53,Portuguese,4.57
2975,31,no,4.49
2976,48,Portuguese,4.83
2977,29,no,4.5
2978,46,Spanish,4.36
2979,30,Mandarin,4.2
2980,24,no,4.81
2981,66,no,4.49
2982,62,no,4.25
2983,53,Mandarin,4.02
2984,50,no,4.58
2985,32,Arabic,4.29
2986,47,no,4.39
2987,56,Portuguese,4.36
2988,46,no,4.49
2989,34,Spanish,4.44
2990,39,no,4.91
2991,60,no,4.78
2992,32,no,4.42
2993,66,Spanish,4.81
2994,56,no,4.4
2995,62,Spanish,4.97
2996,44,Russian,5.0
2997,31,no,4.95
2998,22,no,4.9
2999,46,no,4.61
3000,39,no,5.0
